GameID,IDTitle,IDRegion,IDCategory,Game,MatchType,MatchScore,Resolution,Backend,Playability,InternalResolution,GraphicsBackend,SkipBufferEffects,AnisotropyLevel,TextureBackoffCache,SplineBezierQuality,SkipGPUReadbacks,CPUSpeed,FrameSkip,AutoFrameSkip,TexScalingType,TexScalingLevel,NotesParsed,NotesOriginal
JRPG00001,Black Rock Shooter: The Game,Japan,Games,Black Rock Shooter The Game,exact,2.000,2x,OpenGL,Runs at close to or full speed without frameskip,2,0,,0,True,0,,111,0,False,,,Playability=NoFrameskip,
UCAS40015,Ridge Racer,Asia,Games,Ridge Racer,exact,2.000,SBE,OpenGL,Runs at close to or full speed without frameskip,,0,True,2,True,0,,111,0,False,0,2,"AnisotropyLevel=2;TexScalingType=0,TexScalingLevel=2;SkipBufferEffects=True;Playability=NoFrameskip","Skip buffer effects, 2x xBRZ texture upscaling + 2x AF. Slightly grey overlay when using nitrous"
UCAS40093,Ridge Racer,Asia,Games,Ridge Racer,exact,2.000,SBE,OpenGL,Runs at close to or full speed without frameskip,,0,True,2,True,0,,111,0,False,0,2,"AnisotropyLevel=2;TexScalingType=0,TexScalingLevel=2;SkipBufferEffects=True;Playability=NoFrameskip","Skip buffer effects, 2x xBRZ texture upscaling + 2x AF. Slightly grey overlay when using nitrous"
UCAS40120,Ace Combat X: Skies of Deception,"Japan, Asia",Games,Ace Combat X: Skies of Deception,exact,2.000,2x,Vulkan,Runs at close to or full speed without frameskip,2,3,,0,True,0,,111,0,False,,,Playability=NoFrameskip,
UCAS40145,Ratchet & Clank: Size Matters,Asia,Games,Ratchet & Clank: Size Matters,exact,2.000,2x,Vulkan,Playable with frameskip of 1 (close to full speed),2,3,,0,True,0,True,111,1,False,,,SkipGPUReadbacks=True;Playability=Frameskip1,Skip GPU readbacks. Drops to 25fps at times with several enemies on screen
UCAS40164,Tekken: Dark Resurrection,"Japan, Asia",Games,Tekken: Dark Resurrection,exact,2.000,1x,OpenGL,Runs at close to or full speed without frameskip,1,0,,0,True,0,,111,0,False,,,Playability=NoFrameskip,
UCAS40167,Crisis Core: Final Fantasy VII,"Japan, Asia",Games,Crisis Core: Final Fantasy VII,exact,2.000,3x,OpenGL,Runs at close to or full speed without frameskip,3,0,,0,True,0,,111,0,False,,,Playability=NoFrameskip,
UCAS40179,WipEout Pulse,Asia,Games,WipEout Pulse,exact,2.000,1x,OpenGL,Playable with frameskip of 1 (close to full speed),1,0,,0,True,0,,111,1,False,,,Playability=Frameskip1,Vulkan has graphical glitches that aren't worth any performance gains
UCAS40198,God of War: Chains of Olympus,Asia,Games,God of War: Chains of Olympus,exact,2.000,1x,Vulkan,Playable with frameskip of 1 (close to full speed),1,3,,0,True,0,,333,1,False,,,CPUSpeed=333;Playability=Frameskip1,333MHz CPU clock. Set number of frames to off and auto frameskip on for a stable 30fps (with cheat active). Using magic may cause drops below 30fps
UCAS40223,Disgaea: Afternoon of Darkness,Asia,Games,Disgaea: Afternoon of Darkness,exact,2.000,2x,OpenGL,Runs at close to or full speed without frameskip,2,0,,0,True,0,,111,0,False,,,Playability=NoFrameskip,
UCAS40262,LittleBigPlanet,Asia,Games,LittleBigPlanet,exact,2.000,3x,OpenGL,Runs at close to or full speed without frameskip,3,0,,0,True,0,,111,0,False,,,Playability=NoFrameskip,
UCAS40268,Armored Core 3 Portable,"Japan, Asia",Games,Armored Core 3 Portable,exact,2.000,2x,OpenGL,Runs at close to or full speed without frameskip,2,0,,2,True,0,,111,0,False,,,AnisotropyLevel=2;Playability=NoFrameskip,2x AF
UCAS40272,Crisis Core: Final Fantasy VII,"Japan, Asia",Games,Crisis Core: Final Fantasy VII,exact,2.000,3x,OpenGL,Runs at close to or full speed without frameskip,3,0,,0,True,0,,111,0,False,,,Playability=NoFrameskip,
UCAS40295,Kingdom Hearts: Birth by Sleep,"Japan, Asia",Games,Kingdom Hearts: Birth By Sleep,exact,2.000,2x,OpenGL,Playable with frameskip of 1 (close to full speed),2,0,,0,True,0,,111,1,False,,,Playability=Frameskip1,
UCAS40323,God of War: Ghost of Sparta,Asia,Games,God of War: Ghost of Sparta,exact,2.000,1x,Vulkan,Playable with frameskip of 1 (close to full speed),1,3,,0,True,0,,111,1,False,,,Playability=Frameskip1,Runs at 30fps
UCED00017,WipEout Pure,Europe,Preproduction,WipEout Pure,exact,2.000,1x,Vulkan,Playable with frameskip of 1 (close to full speed),1,3,,0,True,0,,111,1,False,,,FrameSkip=1;Playability=Frameskip1,Frameskip = 1
UCED00365,LocoRoco,Europe,Demos,LocoRoco,exact,2.000,3x,OpenGL,Runs at close to or full speed without frameskip,3,0,,0,True,0,,111,0,False,,,Playability=NoFrameskip,
UCED00448,Tekken: Dark Resurrection,Europe,Demos,Tekken: Dark Resurrection,exact,2.000,1x,OpenGL,Runs at close to or full speed without frameskip,1,0,,0,True,0,,111,0,False,,,Playability=NoFrameskip,
UCED00970,God of War: Chains of Olympus,Europe,Demos,God of War: Chains of Olympus,exact,2.000,1x,Vulkan,Playable with frameskip of 1 (close to full speed),1,3,,0,True,0,,333,1,False,,,CPUSpeed=333;Playability=Frameskip1,333MHz CPU clock. Set number of frames to off and auto frameskip on for a stable 30fps (with cheat active). Using magic may cause drops below 30fps
UCES00001,WipEout Pure,Europe,Games,WipEout Pure,exact,2.000,1x,Vulkan,Playable with frameskip of 1 (close to full speed),1,3,,0,True,0,,111,1,False,,,FrameSkip=1;Playability=Frameskip1,Frameskip = 1
UCES00002,Ridge Racer,"Europe, Australia",Games,Ridge Racer,exact,2.000,SBE,OpenGL,Runs at close to or full speed without frameskip,,0,True,2,True,0,,111,0,False,0,2,"AnisotropyLevel=2;TexScalingType=0,TexScalingLevel=2;SkipBufferEffects=True;Playability=NoFrameskip","Skip buffer effects, 2x xBRZ texture upscaling + 2x AF. Slightly grey overlay when using nitrous"
UCES00006,MediEvil: Resurrection,Europe,Games,Medievil Resurrection,exact,2.000,2x,OpenGL,Runs at close to or full speed without frameskip,2,0,,0,True,0,,111,0,False,,,Playability=NoFrameskip,
UCES00010,Ape Academy,Europe,Games,Ape Escape Academy,superset,0.833,3x,OpenGL,Runs at close to or full speed without frameskip,3,0,,0,True,0,,111,0,False,,,Playability=NoFrameskip,
UCES00018,Twisted Metal: Head-On,Europe,Games,Twisted metal: Head On,exact,2.000,2x,OpenGL,Playable with frameskip of 1 (close to full speed),2,0,,0,True,0,,111,1,False,,,Playability=Frameskip1,
UCES00044,Daxter,Europe,Games,Daxter,exact,2.000,2x,OpenGL,Runs at close to or full speed without frameskip,2,0,,2,True,0,,111,0,False,,,AnisotropyLevel=2;Playability=NoFrameskip,2x AF
UCES00045,Ape Escape,Europe,Games,Ape Escape Academy,superset,0.833,3x,OpenGL,Runs at close to or full speed without frameskip,3,0,,0,True,0,,111,0,False,,,Playability=NoFrameskip,
UCES00109,Lemmings,Europe,Games,Lemmings,exact,2.000,2x,OpenGL,Runs at close to or full speed without frameskip,2,0,,0,True,0,,111,0,False,,,Playability=NoFrameskip,
UCES00279,Killzone: Liberation,Europe,Games,Killzone: Liberation,exact,2.000,1x,OpenGL,Playable with frameskip of 1 (close to full speed),1,0,,0,True,0,,111,1,False,,,Playability=Frameskip1,Runs fine @ 30FPS with Frameskip set to 1. You can push 2x Resolution as well but you'll see frame drops. (No cheats used)
UCES00304,LocoRoco,"Europe, Australia",Games,LocoRoco,exact,2.000,3x,OpenGL,Runs at close to or full speed without frameskip,3,0,,0,True,0,,111,0,False,,,Playability=NoFrameskip,
UCES00356,Tekken: Dark Resurrection,"Europe, Australia",Games,Tekken: Dark Resurrection,exact,2.000,1x,OpenGL,Runs at close to or full speed without frameskip,1,0,,0,True,0,,111,0,False,,,Playability=NoFrameskip,
UCES00420,Ratchet & Clank: Size Matters,"Europe, Australia",Games,Ratchet & Clank: Size Matters,exact,2.000,2x,Vulkan,Playable with frameskip of 1 (close to full speed),2,3,,0,True,0,True,111,1,False,,,SkipGPUReadbacks=True;Playability=Frameskip1,Skip GPU readbacks. Drops to 25fps at times with several enemies on screen
UCES00423,Ace Combat X: Skies of Deception,Europe,Games,Ace Combat X: Skies of Deception,exact,2.000,2x,Vulkan,Runs at close to or full speed without frameskip,2,3,,0,True,0,,111,0,False,,,Playability=NoFrameskip,
UCES00465,WipEout Pulse,"Europe, Australia",Games,WipEout Pulse,exact,2.000,1x,OpenGL,Playable with frameskip of 1 (close to full speed),1,0,,0,True,0,,111,1,False,,,Playability=Frameskip1,Vulkan has graphical glitches that aren't worth any performance gains
UCES00786,ATV Offroad Fury Pro,Europe,Games,ATV Offroad Fury Pro,exact,2.000,1x,OpenGL,Runs at close to or full speed without frameskip,1,0,,0,True,0,,111,0,False,,,Playability=NoFrameskip,Player model is completely black in-game
UCES00842,God of War: Chains of Olympus,"Europe, Australia",Games,God of War: Chains of Olympus,exact,2.000,1x,Vulkan,Playable with frameskip of 1 (close to full speed),1,3,,0,True,0,,333,1,False,,,CPUSpeed=333;Playability=Frameskip1,333MHz CPU clock. Set number of frames to off and auto frameskip on for a stable 30fps (with cheat active). Using magic may cause drops below 30fps
UCES00995,Patapon,Europe,Games,Patapon,exact,2.000,2x,OpenGL,Runs at close to or full speed without frameskip,2,0,,0,True,0,,111,0,False,,,Playability=NoFrameskip,Runs natively @30 FPS. Set 'Buffer Graphics Commands' to 'No Buffer' for lower latency as this is rhythm game. You can also push to 3x resolution with a 1-2 lightweight PSP Shaders.
UCES01225,Jak and Daxter: The Lost Frontier,Europe,Games,Jak and Daxter: The Lost Frontier,exact,2.000,1x,Vulkan,Playable with frameskip of 1 (close to full speed),1,3,,0,True,0,True,111,1,False,,,SkipGPUReadbacks=True;Playability=Frameskip1,"Skip GPU readbacks, force real clock sync, disable hardware tesselation and render duplicate frames to 60Hz. Mostly stable 30fps"
UCES01242,SOCOM: U.S. Navy SEALs: Fireteam Bravo 3,Europe,Games,SOCOM US Navy Seals: Fireteam Bravo 3,partial,0.804,2x,OpenGL,Game crashes or is unplayable with frameskip (i.e. less than 70% speed with frameskip of 1),2,0,,0,True,0,,111,1,False,,,Playability=Frameskip1,Graphical glitches with both renderers
UCES01245,Gran Turismo,Europe,Games,Gran Turismo,exact,2.000,2x,Vulkan,Playable with frameskip of 1 (close to full speed),2,3,,0,True,0,,222,1,False,,,CPUSpeed=222;Playability=Frameskip1,"222MHz CPU clock for 30fps, can slow down in menus"
UCES01264,LittleBigPlanet,Europe,Games,LittleBigPlanet,exact,2.000,3x,OpenGL,Runs at close to or full speed without frameskip,3,0,,0,True,0,,111,0,False,,,Playability=NoFrameskip,
UCES01378,Jak and Daxter: The Lost Frontier,Europe,Games,Jak and Daxter: The Lost Frontier,exact,2.000,1x,Vulkan,Playable with frameskip of 1 (close to full speed),1,3,,0,True,0,True,111,1,False,,,SkipGPUReadbacks=True;Playability=Frameskip1,"Skip GPU readbacks, force real clock sync, disable hardware tesselation and render duplicate frames to 60Hz. Mostly stable 30fps"
UCES01401,God of War: Ghost of Sparta,"Europe, Australia",Games,God of War: Ghost of Sparta,exact,2.000,1x,Vulkan,Playable with frameskip of 1 (close to full speed),1,3,,0,True,0,,111,1,False,,,Playability=Frameskip1,Runs at 30fps
UCES01473,God of War: Ghost of Sparta,Europe,Games,God of War: Ghost of Sparta,exact,2.000,1x,Vulkan,Playable with frameskip of 1 (close to full speed),1,3,,0,True,0,,111,1,False,,,Playability=Frameskip1,Runs at 30fps
UCET00001,WipEout Pure,Europe,Preproduction,WipEout Pure,exact,2.000,1x,Vulkan,Playable with frameskip of 1 (close to full speed),1,3,,0,True,0,,111,1,False,,,FrameSkip=1;Playability=Frameskip1,Frameskip = 1
UCET00179,Lemmings,Europe,Preproduction,Lemmings,exact,2.000,2x,OpenGL,Runs at close to or full speed without frameskip,2,0,,0,True,0,,111,0,False,,,Playability=NoFrameskip,
UCET00357,LocoRoco,Europe,Preproduction,LocoRoco,exact,2.000,3x,OpenGL,Runs at close to or full speed without frameskip,3,0,,0,True,0,,111,0,False,,,Playability=NoFrameskip,
UCET00424,Tekken: Dark Resurrection,Europe,Preproduction,Tekken: Dark Resurrection,exact,2.000,1x,OpenGL,Runs at close to or full speed without frameskip,1,0,,0,True,0,,111,0,False,,,Playability=NoFrameskip,
UCET00713,WipEout Pulse,Europe,Preproduction,WipEout Pulse,exact,2.000,1x,OpenGL,Playable with frameskip of 1 (close to full speed),1,0,,0,True,0,,111,1,False,,,Playability=Frameskip1,Vulkan has graphical glitches that aren't worth any performance gains
UCET00751,Ratchet & Clank: Size Matters,Europe,Preproduction,Ratchet & Clank: Size Matters,exact,2.000,2x,Vulkan,Playable with frameskip of 1 (close to full speed),2,3,,0,True,0,True,111,1,False,,,SkipGPUReadbacks=True;Playability=Frameskip1,Skip GPU readbacks. Drops to 25fps at times with several enemies on screen
UCET00844,God of War: Chains of Olympus,Europe,Preproduction,God of War: Chains of Olympus,exact,2.000,1x,Vulkan,Playable with frameskip of 1 (close to full speed),1,3,,0,True,0,,333,1,False,,,CPUSpeed=333;Playability=Frameskip1,333MHz CPU clock. Set number of frames to off and auto frameskip on for a stable 30fps (with cheat active). Using magic may cause drops below 30fps
UCET01015,Patapon,Europe,Demos,Patapon,exact,2.000,2x,OpenGL,Runs at close to or full speed without frameskip,2,0,,0,True,0,,111,0,False,,,Playability=NoFrameskip,Runs natively @30 FPS. Set 'Buffer Graphics Commands' to 'No Buffer' for lower latency as this is rhythm game. You can also push to 3x resolution with a 1-2 lightweight PSP Shaders.
UCJB98011,LocoRoco,Japan,Games,LocoRoco,exact,2.000,3x,OpenGL,Runs at close to or full speed without frameskip,3,0,,0,True,0,,111,0,False,,,Playability=NoFrameskip,
UCJP00062,Jeanne d'Arc,Japan,Preproduction,Jeanne D'Arc,exact,2.000,2x,OpenGL,Runs at close to or full speed without frameskip,2,0,,0,True,0,,111,0,False,,,Playability=NoFrameskip,
UCJP00125,Patapon,Japan,Preproduction,Patapon,exact,2.000,2x,OpenGL,Runs at close to or full speed without frameskip,2,0,,0,True,0,,111,0,False,,,Playability=NoFrameskip,Runs natively @30 FPS. Set 'Buffer Graphics Commands' to 'No Buffer' for lower latency as this is rhythm game. You can also push to 3x resolution with a 1-2 lightweight PSP Shaders.
UCJS10007,WipEout Pure,Japan,Games,WipEout Pure,exact,2.000,1x,Vulkan,Playable with frameskip of 1 (close to full speed),1,3,,0,True,0,,111,1,False,,,FrameSkip=1;Playability=Frameskip1,Frameskip = 1
UCJS10041,LocoRoco,Japan,Games,LocoRoco,exact,2.000,3x,OpenGL,Runs at close to or full speed without frameskip,3,0,,0,True,0,,111,0,False,,,Playability=NoFrameskip,
UCJS10048,Jeanne d'Arc,Japan,Games,Jeanne D'Arc,exact,2.000,2x,OpenGL,Runs at close to or full speed without frameskip,2,0,,0,True,0,,111,0,False,,,Playability=NoFrameskip,
UCJS10077,Patapon,Japan,Games,Patapon,exact,2.000,2x,OpenGL,Runs at close to or full speed without frameskip,2,0,,0,True,0,,111,0,False,,,Playability=NoFrameskip,Runs natively @30 FPS. Set 'Buffer Graphics Commands' to 'No Buffer' for lower latency as this is rhythm game. You can also push to 3x resolution with a 1-2 lightweight PSP Shaders.
UCJS10088,Enkaku Sousa: Shinjitsu e no 23-nichi-kan,Japan,Games,Enkaku sousa: Shinjitsu e no 23-nichikan,partial,0.804,2x,OpenGL,Runs at close to or full speed without frameskip,2,0,,2,True,0,,111,0,False,,,AnisotropyLevel=2;Playability=NoFrameskip,2x AF
UCJS10100,Gran Turismo,Japan,Games,Gran Turismo,exact,2.000,2x,Vulkan,Playable with frameskip of 1 (close to full speed),2,3,,0,True,0,,222,1,False,,,CPUSpeed=222;Playability=Frameskip1,"222MHz CPU clock for 30fps, can slow down in menus"
UCJS18011,LocoRoco,Japan,Games,LocoRoco,exact,2.000,3x,OpenGL,Runs at close to or full speed without frameskip,3,0,,0,True,0,,111,0,False,,,Playability=NoFrameskip,
UCJS18027,Patapon,Japan,Games,Patapon,exact,2.000,2x,OpenGL,Runs at close to or full speed without frameskip,2,0,,0,True,0,,111,0,False,,,Playability=NoFrameskip,Runs natively @30 FPS. Set 'Buffer Graphics Commands' to 'No Buffer' for lower latency as this is rhythm game. You can also push to 3x resolution with a 1-2 lightweight PSP Shaders.
UCJX90019,Jeanne d'Arc,Japan,Demos,Jeanne D'Arc,exact,2.000,2x,OpenGL,Runs at close to or full speed without frameskip,2,0,,0,True,0,,111,0,False,,,Playability=NoFrameskip,
UCKS45002,Ridge Racer,Korea,Games,Ridge Racer,exact,2.000,SBE,OpenGL,Runs at close to or full speed without frameskip,,0,True,2,True,0,,111,0,False,0,2,"AnisotropyLevel=2;TexScalingType=0,TexScalingLevel=2;SkipBufferEffects=True;Playability=NoFrameskip","Skip buffer effects, 2x xBRZ texture upscaling + 2x AF. Slightly grey overlay when using nitrous"
UCKS45008,WipEout Pure,Korea,Games,WipEout Pure,exact,2.000,1x,Vulkan,Playable with frameskip of 1 (close to full speed),1,3,,0,True,0,,111,1,False,,,FrameSkip=1;Playability=Frameskip1,Frameskip = 1
UCKS45027,Tekken: Dark Resurrection,Korea,Games,Tekken: Dark Resurrection,exact,2.000,1x,OpenGL,Runs at close to or full speed without frameskip,1,0,,0,True,0,,111,0,False,,,Playability=NoFrameskip,
UCKS45038,Ace Combat X: Skies of Deception,Korea,Games,Ace Combat X: Skies of Deception,exact,2.000,2x,Vulkan,Runs at close to or full speed without frameskip,2,3,,0,True,0,,111,0,False,,,Playability=NoFrameskip,
UCKS45045,Monster Hunter Portable 2nd,"Japan, Korea",Games,Monster Hunter Portable 2nd G,superset,0.900,3x,OpenGL,Runs at close to or full speed without frameskip,3,0,,0,True,0,,111,0,False,,,Playability=NoFrameskip,
UCKS45067,Ace Combat X: Skies of Deception,Korea,Games,Ace Combat X: Skies of Deception,exact,2.000,2x,Vulkan,Runs at close to or full speed without frameskip,2,3,,0,True,0,,111,0,False,,,Playability=NoFrameskip,
UCKS45069,Tekken: Dark Resurrection,Korea,Games,Tekken: Dark Resurrection,exact,2.000,1x,OpenGL,Runs at close to or full speed without frameskip,1,0,,0,True,0,,111,0,False,,,Playability=NoFrameskip,
UCKS45076,Patapon,Korea,Games,Patapon,exact,2.000,2x,OpenGL,Runs at close to or full speed without frameskip,2,0,,0,True,0,,111,0,False,,,Playability=NoFrameskip,Runs natively @30 FPS. Set 'Buffer Graphics Commands' to 'No Buffer' for lower latency as this is rhythm game. You can also push to 3x resolution with a 1-2 lightweight PSP Shaders.
UCKS45078,WipEout Pulse,Asia,Games,WipEout Pulse,exact,2.000,1x,OpenGL,Playable with frameskip of 1 (close to full speed),1,0,,0,True,0,,111,1,False,,,Playability=Frameskip1,Vulkan has graphical glitches that aren't worth any performance gains
UCKS45084,God of War: Chains of Olympus,Korea,Games,God of War: Chains of Olympus,exact,2.000,1x,Vulkan,Playable with frameskip of 1 (close to full speed),1,3,,0,True,0,,333,1,False,,,CPUSpeed=333;Playability=Frameskip1,333MHz CPU clock. Set number of frames to off and auto frameskip on for a stable 30fps (with cheat active). Using magic may cause drops below 30fps
UCKS45099,Patapon,Korea,Games,Patapon,exact,2.000,2x,OpenGL,Runs at close to or full speed without frameskip,2,0,,0,True,0,,111,0,False,,,Playability=NoFrameskip,Runs natively @30 FPS. Set 'Buffer Graphics Commands' to 'No Buffer' for lower latency as this is rhythm game. You can also push to 3x resolution with a 1-2 lightweight PSP Shaders.
UCKS45128,SOCOM: U.S. Navy SEALs: Fireteam Bravo 3,Korea,Games,SOCOM US Navy Seals: Fireteam Bravo 3,partial,0.804,2x,OpenGL,Game crashes or is unplayable with frameskip (i.e. less than 70% speed with frameskip of 1),2,0,,0,True,0,,111,1,False,,,Playability=Frameskip1,Graphical glitches with both renderers
UCKS45131,Jak and Daxter: The Lost Frontier,Korea,Games,Jak and Daxter: The Lost Frontier,exact,2.000,1x,Vulkan,Playable with frameskip of 1 (close to full speed),1,3,,0,True,0,True,111,1,False,,,SkipGPUReadbacks=True;Playability=Frameskip1,"Skip GPU readbacks, force real clock sync, disable hardware tesselation and render duplicate frames to 60Hz. Mostly stable 30fps"
UCKS45155,God of War: Chains of Olympus,Korea,Games,God of War: Chains of Olympus,exact,2.000,1x,Vulkan,Playable with frameskip of 1 (close to full speed),1,3,,0,True,0,,333,1,False,,,CPUSpeed=333;Playability=Frameskip1,333MHz CPU clock. Set number of frames to off and auto frameskip on for a stable 30fps (with cheat active). Using magic may cause drops below 30fps
UCKS45161,God of War: Ghost of Sparta,Asia,Games,God of War: Ghost of Sparta,exact,2.000,1x,Vulkan,Playable with frameskip of 1 (close to full speed),1,3,,0,True,0,,111,1,False,,,Playability=Frameskip1,Runs at 30fps
UCUS90691,Gran Turismo,USA,Games,Gran Turismo,exact,2.000,2x,Vulkan,Playable with frameskip of 1 (close to full speed),2,3,,0,True,0,,222,1,False,,,CPUSpeed=222;Playability=Frameskip1,"222MHz CPU clock for 30fps, can slow down in menus"
UCUS98173,Kingdom Hearts: Birth by Sleep,USA,Games,Kingdom Hearts: Birth By Sleep,exact,2.000,2x,OpenGL,Playable with frameskip of 1 (close to full speed),2,0,,0,True,0,,111,1,False,,,Playability=Frameskip1,
UCUS98601,Twisted Metal: Head-On,USA,Games,Twisted metal: Head On,exact,2.000,2x,OpenGL,Playable with frameskip of 1 (close to full speed),2,0,,0,True,0,,111,1,False,,,Playability=Frameskip1,
UCUS98609,Ape Escape: On the Loose,USA,Games,Ape Escape: On the Loose,exact,2.000,3x,OpenGL,Runs at close to or full speed without frameskip,3,0,,4,True,0,,111,0,False,0,2,"AnisotropyLevel=4;TexScalingType=0,TexScalingLevel=2;Playability=NoFrameskip",2x xBRZ texture upscaling + 4x AF
UCUS98612,WipEout Pure,USA,Games,WipEout Pure,exact,2.000,1x,Vulkan,Playable with frameskip of 1 (close to full speed),1,3,,0,True,0,,111,1,False,,,FrameSkip=1;Playability=Frameskip1,Frameskip = 1
UCUS98618,Daxter,USA,Games,Daxter,exact,2.000,2x,OpenGL,Runs at close to or full speed without frameskip,2,0,,2,True,0,,111,0,False,,,AnisotropyLevel=2;Playability=NoFrameskip,2x AF
UCUS98619,Ape Escape Academy,USA,Games,Ape Escape Academy,exact,2.000,3x,OpenGL,Runs at close to or full speed without frameskip,3,0,,0,True,0,,111,0,False,,,Playability=NoFrameskip,
UCUS98620,MediEvil: Resurrection,USA,Games,Medievil Resurrection,exact,2.000,2x,OpenGL,Runs at close to or full speed without frameskip,2,0,,0,True,0,,111,0,False,,,Playability=NoFrameskip,
UCUS98623,Kingdom of Paradise,USA,Games,Kingdom of Paradise,exact,2.000,2x,OpenGL,Playable with frameskip of 1 (close to full speed),2,0,,0,True,0,,111,1,False,,,Playability=Frameskip1,100% full speed with autoframeskip On
UCUS98629,Ape Escape Academy,USA,Demos,Ape Escape Academy,exact,2.000,3x,OpenGL,Runs at close to or full speed without frameskip,3,0,,0,True,0,,111,0,False,,,Playability=NoFrameskip,
UCUS98632,Gran Turismo,USA,Games,Gran Turismo,exact,2.000,2x,Vulkan,Playable with frameskip of 1 (close to full speed),2,3,,0,True,0,,222,1,False,,,CPUSpeed=222;Playability=Frameskip1,"222MHz CPU clock for 30fps, can slow down in menus"
UCUS98633,Ratchet & Clank: Size Matters,USA,Games,Ratchet & Clank: Size Matters,exact,2.000,2x,Vulkan,Playable with frameskip of 1 (close to full speed),2,3,,0,True,0,True,111,1,False,,,SkipGPUReadbacks=True;Playability=Frameskip1,Skip GPU readbacks. Drops to 25fps at times with several enemies on screen
UCUS98634,Jak and Daxter: The Lost Frontier,USA,Games,Jak and Daxter: The Lost Frontier,exact,2.000,1x,Vulkan,Playable with frameskip of 1 (close to full speed),1,3,,0,True,0,True,111,1,False,,,SkipGPUReadbacks=True;Playability=Frameskip1,"Skip GPU readbacks, force real clock sync, disable hardware tesselation and render duplicate frames to 60Hz. Mostly stable 30fps"
UCUS98646,Killzone: Liberation,USA,Games,Killzone: Liberation,exact,2.000,1x,OpenGL,Playable with frameskip of 1 (close to full speed),1,0,,0,True,0,,111,1,False,,,Playability=Frameskip1,Runs fine @ 30FPS with Frameskip set to 1. You can push 2x Resolution as well but you'll see frame drops. (No cheats used)
UCUS98647,Lemmings,USA,Games,Lemmings,exact,2.000,2x,OpenGL,Runs at close to or full speed without frameskip,2,0,,0,True,0,,111,0,False,,,Playability=NoFrameskip,
UCUS98648,ATV Offroad Fury Pro,USA,Games,ATV Offroad Fury Pro,exact,2.000,1x,OpenGL,Runs at close to or full speed without frameskip,1,0,,0,True,0,,111,0,False,,,Playability=NoFrameskip,Player model is completely black in-game
UCUS98653,God of War: Chains of Olympus,USA,Games,God of War: Chains of Olympus,exact,2.000,1x,Vulkan,Playable with frameskip of 1 (close to full speed),1,3,,0,True,0,,333,1,False,,,CPUSpeed=333;Playability=Frameskip1,333MHz CPU clock. Set number of frames to off and auto frameskip on for a stable 30fps (with cheat active). Using magic may cause drops below 30fps
UCUS98654,Daxter,USA,Demos,Daxter,exact,2.000,2x,OpenGL,Runs at close to or full speed without frameskip,2,0,,2,True,0,,111,0,False,,,AnisotropyLevel=2;Playability=NoFrameskip,2x AF
UCUS98662,LocoRoco,USA,Preproduction,LocoRoco,exact,2.000,3x,OpenGL,Runs at close to or full speed without frameskip,3,0,,0,True,0,,111,0,False,,,Playability=NoFrameskip,
UCUS98670,Killzone: Liberation,USA,Demos,Killzone: Liberation,exact,2.000,1x,OpenGL,Playable with frameskip of 1 (close to full speed),1,0,,0,True,0,,111,1,False,,,Playability=Frameskip1,Runs fine @ 30FPS with Frameskip set to 1. You can push 2x Resolution as well but you'll see frame drops. (No cheats used)
UCUS98671,Lemmings,USA,Demos,Lemmings,exact,2.000,2x,OpenGL,Runs at close to or full speed without frameskip,2,0,,0,True,0,,111,0,False,,,Playability=NoFrameskip,
UCUS98681,ATV Offroad Fury Pro,USA,Demos,ATV Offroad Fury Pro,exact,2.000,1x,OpenGL,Runs at close to or full speed without frameskip,1,0,,0,True,0,,111,0,False,,,Playability=NoFrameskip,Player model is completely black in-game
UCUS98684,Ratchet & Clank: Size Matters,USA,Demos,Ratchet & Clank: Size Matters,exact,2.000,2x,Vulkan,Playable with frameskip of 1 (close to full speed),2,3,,0,True,0,True,111,1,False,,,SkipGPUReadbacks=True;Playability=Frameskip1,Skip GPU readbacks. Drops to 25fps at times with several enemies on screen
UCUS98685,LocoRoco,USA,Demos,LocoRoco,exact,2.000,3x,OpenGL,Runs at close to or full speed without frameskip,3,0,,0,True,0,,111,0,False,,,Playability=NoFrameskip,
UCUS98695,Ratchet & Clank: Size Matters,USA,Preproduction,Ratchet & Clank: Size Matters,exact,2.000,2x,Vulkan,Playable with frameskip of 1 (close to full speed),2,3,,0,True,0,True,111,1,False,,,SkipGPUReadbacks=True;Playability=Frameskip1,Skip GPU readbacks. Drops to 25fps at times with several enemies on screen
UCUS98700,Jeanne d'Arc,USA,Games,Jeanne D'Arc,exact,2.000,2x,OpenGL,Runs at close to or full speed without frameskip,2,0,,0,True,0,,111,0,False,,,Playability=NoFrameskip,
UCUS98705,God of War: Chains of Olympus: Special Edition: Battle of Attica,USA,Demos,God of War: Chains of Olympus,variant,0.750,1x,Vulkan,Playable with frameskip of 1 (close to full speed),1,3,,0,True,0,,333,1,False,,,CPUSpeed=333;Playability=Frameskip1,333MHz CPU clock. Set number of frames to off and auto frameskip on for a stable 30fps (with cheat active). Using magic may cause drops below 30fps
UCUS98706,Jeanne d'Arc,USA,Demos,Jeanne D'Arc,exact,2.000,2x,OpenGL,Runs at close to or full speed without frameskip,2,0,,0,True,0,,111,0,False,,,Playability=NoFrameskip,
UCUS98711,Patapon,USA,Games,Patapon,exact,2.000,2x,OpenGL,Runs at close to or full speed without frameskip,2,0,,0,True,0,,111,0,False,,,Playability=NoFrameskip,Runs natively @30 FPS. Set 'Buffer Graphics Commands' to 'No Buffer' for lower latency as this is rhythm game. You can also push to 3x resolution with a 1-2 lightweight PSP Shaders.
UCUS98712,WipEout Pulse,USA,Games,WipEout Pulse,exact,2.000,1x,OpenGL,Playable with frameskip of 1 (close to full speed),1,0,,0,True,0,,111,1,False,,,Playability=Frameskip1,Vulkan has graphical glitches that aren't worth any performance gains
UCUS98713,God of War: Chains of Olympus: Battle of Attica,USA,Demos,God of War: Chains of Olympus,variant,0.833,1x,Vulkan,Playable with frameskip of 1 (close to full speed),1,3,,0,True,0,,333,1,False,,,CPUSpeed=333;Playability=Frameskip1,333MHz CPU clock. Set number of frames to off and auto frameskip on for a stable 30fps (with cheat active). Using magic may cause drops below 30fps
UCUS98716,SOCOM: U.S. Navy SEALs: Fireteam Bravo 3,USA,Games,SOCOM US Navy Seals: Fireteam Bravo 3,partial,0.804,2x,OpenGL,Game crashes or is unplayable with frameskip (i.e. less than 70% speed with frameskip of 1),2,0,,0,True,0,,111,1,False,,,Playability=Frameskip1,Graphical glitches with both renderers
UCUS98721,Patapon,USA,Demos,Patapon,exact,2.000,2x,OpenGL,Runs at close to or full speed without frameskip,2,0,,0,True,0,,111,0,False,,,Playability=NoFrameskip,Runs natively @30 FPS. Set 'Buffer Graphics Commands' to 'No Buffer' for lower latency as this is rhythm game. You can also push to 3x resolution with a 1-2 lightweight PSP Shaders.
UCUS98737,God of War: Ghost of Sparta,USA,Games,God of War: Ghost of Sparta,exact,2.000,1x,Vulkan,Playable with frameskip of 1 (close to full speed),1,3,,0,True,0,,111,1,False,,,Playability=Frameskip1,Runs at 30fps
UCUS98744,LittleBigPlanet,USA,Games,LittleBigPlanet,exact,2.000,3x,OpenGL,Runs at close to or full speed without frameskip,3,0,,0,True,0,,111,0,False,,,Playability=NoFrameskip,
UCUS98758,MLB 11: The Show,USA,Games,MLB 11: The Show,exact,2.000,2x,OpenGL,Runs at close to or full speed without frameskip,2,0,,0,True,0,,111,0,False,,,Playability=NoFrameskip,
UCUS98764,Daxter,USA,Games,Daxter,exact,2.000,2x,OpenGL,Runs at close to or full speed without frameskip,2,0,,2,True,0,,111,0,False,,,AnisotropyLevel=2;Playability=NoFrameskip,2x AF
UCUS98919,Metal Gear Solid: Peace Walker,USA,Games,Metal Gear Solid: Peace Walker,exact,2.000,2x,OpenGL,Playable with frameskip of 1 (close to full speed),2,0,,0,True,0,,111,1,False,,,Playability=Frameskip1,"Some bossfights run at less than full speed (<20FPS), can run at 30FPS with cheats and 1x resolution"
ULAS42009,Coded Arms,Asia,Games,Coded Arms,exact,2.000,2x,OpenGL,Runs at close to or full speed without frameskip,2,0,,4,True,0,,166,0,False,0,2,"AnisotropyLevel=4;TexScalingType=0,TexScalingLevel=2;CPUSpeed=166;Playability=NoFrameskip","CPU clock set to 166MHz, 30fps cheat enabled. 2x xBRZ texture upscaling + 4x AF"
ULAS42019,Burnout Legends,Asia,Games,Burnout Legends,exact,2.000,2x,OpenGL,Runs at close to or full speed without frameskip,2,0,,0,True,0,,111,0,False,,,Playability=NoFrameskip,Can push 3x resolution depending on the stage
ULAS42031,Need for Speed: Most Wanted: 5-1-0,Asia,Games,Need for Speed: Most Wanted 5-1-0,exact,2.000,2x,OpenGL,Runs at close to or full speed without frameskip,2,0,,0,True,0,,111,0,False,,,Playability=NoFrameskip,
ULAS42080,Need for Speed: Carbon: Own the City,Asia,Games,Need for Speed: Carbon: Own the City,exact,2.000,2x,OpenGL,Runs at close to or full speed without frameskip,2,0,,0,True,0,,111,0,False,,,Playability=NoFrameskip,
ULAS42085,The Sims 2: Pets,Asia,Games,The Sims 2: Pets,exact,2.000,3x,OpenGL,Runs at close to or full speed without frameskip,3,0,,0,True,0,,111,0,False,,,Playability=NoFrameskip,Can stutter when loading in new areas
ULAS42095,Burnout Dominator,Asia,Games,Burnout Dominator,exact,2.000,1x,OpenGL,Runs at close to or full speed without frameskip,1,0,,0,True,0,,111,0,False,,,Playability=NoFrameskip,Can push 2x resolution most of the time
ULAS42099,Coded Arms: Contagion,Asia,Games,Coded Arms,variant,0.833,2x,OpenGL,Runs at close to or full speed without frameskip,2,0,,4,True,0,,166,0,False,0,2,"AnisotropyLevel=4;TexScalingType=0,TexScalingLevel=2;CPUSpeed=166;Playability=NoFrameskip","CPU clock set to 166MHz, 30fps cheat enabled. 2x xBRZ texture upscaling + 4x AF"
ULAS42120,Medal of Honor: Heroes 2,Asia,Games,Medal of Honor Heroes 2,exact,2.000,2x,OpenGL,Playable with frameskip of 1 (close to full speed),2,0,,0,True,0,,111,1,False,,,Playability=Frameskip1,
ULAS42149,Monster Hunter Portable 2nd G,"Japan, Asia",Games,Monster Hunter Portable 2nd G,exact,2.000,3x,OpenGL,Runs at close to or full speed without frameskip,3,0,,0,True,0,,111,0,False,,,Playability=NoFrameskip,
ULAS42214,Tekken 6,Asia,Games,Tekken 6,exact,2.000,SBE,Vulkan,Playable with frameskip of 1 (close to full speed),,3,True,0,True,0,,111,1,False,,,FrameSkip=1;Playability=Frameskip1,Frameskip = 1
ULAS42218,Metal Gear Solid: Peace Walker,"Japan, Asia",Games,Metal Gear Solid: Peace Walker,exact,2.000,2x,OpenGL,Playable with frameskip of 1 (close to full speed),2,0,,0,True,0,,111,1,False,,,Playability=Frameskip1,"Some bossfights run at less than full speed (<20FPS), can run at 30FPS with cheats and 1x resolution"
ULAS42260,Monster Hunter Portable 3rd,"Japan, Asia",Games,Monster Hunter Portable 3rd,exact,2.000,2x,OpenGL,Runs at close to or full speed without frameskip,2,0,,0,True,0,,111,0,False,,,Playability=NoFrameskip,
ULED01244,Monster Hunter Freedom Unite,Europe,Demos,Monster Hunter Freedom Unite,exact,2.000,3x,OpenGL,Runs at close to or full speed without frameskip,3,0,,0,True,0,,111,0,False,,,Playability=NoFrameskip,
ULES00022,Spider-Man 2,Europe,Games,Spider-Man 2,exact,2.000,2x,OpenGL,Runs at close to or full speed without frameskip,2,0,,0,True,0,,111,0,False,,,Playability=NoFrameskip,
ULES00023,Spider-Man 2,Europe,Games,Spider-Man 2,exact,2.000,2x,OpenGL,Runs at close to or full speed without frameskip,2,0,,0,True,0,,111,0,False,,,Playability=NoFrameskip,
ULES00025,Need for Speed: Underground Rivals,"Europe, Australia",Games,Need for Speed: Underground Rivals,exact,2.000,2x,OpenGL,Runs at close to or full speed without frameskip,2,0,,0,True,0,,111,0,False,,,Playability=NoFrameskip,
ULES00026,Dynasty Warriors,Europe,Games,Dynasty Warriors Strikeforce,superset,0.833,2x,OpenGL,Runs at close to or full speed without frameskip,2,0,,0,True,0,,111,0,False,,,Playability=NoFrameskip,
ULES00036,NFL Street 2: Unleashed,Europe,Games,NFL Street 2,variant,0.875,2x,OpenGL,Runs at close to or full speed without frameskip,2,0,,0,True,0,,111,0,False,,,Playability=NoFrameskip,
ULES00043,Lumines: Puzzle Fusion,Europe,Games,Lumines: Puzzle Fusion,exact,2.000,3x,OpenGL,Runs at close to or full speed without frameskip,3,0,,0,True,0,,111,0,False,,,Playability=NoFrameskip,
ULES00046,Untold Legends: Brotherhood of the Blade,Europe,Games,Untold Legends Brotherhood of The Blade,exact,2.000,2x,OpenGL,Runs at close to or full speed without frameskip,2,0,,0,True,0,,111,0,False,,,Playability=NoFrameskip,
ULES00108,Midnight Club 3: DUB Edition,Europe,Games,Midnight Club 3: Dub Edition,exact,2.000,1x,Vulkan,Playable with frameskip of 1 (close to full speed),1,3,,0,True,0,,111,1,False,,,FrameSkip=1;Playability=Frameskip1,Frameskip = 1
ULES00118,Dynasty Warriors,France,Games,Dynasty Warriors Strikeforce,superset,0.833,2x,OpenGL,Runs at close to or full speed without frameskip,2,0,,0,True,0,,111,0,False,,,Playability=NoFrameskip,
ULES00119,Dynasty Warriors,Germany,Games,Dynasty Warriors Strikeforce,superset,0.833,2x,OpenGL,Runs at close to or full speed without frameskip,2,0,,0,True,0,,111,0,False,,,Playability=NoFrameskip,
ULES00124,Coded Arms,Europe,Games,Coded Arms,exact,2.000,2x,OpenGL,Runs at close to or full speed without frameskip,2,0,,4,True,0,,166,0,False,0,2,"AnisotropyLevel=4;TexScalingType=0,TexScalingLevel=2;CPUSpeed=166;Playability=NoFrameskip","CPU clock set to 166MHz, 30fps cheat enabled. 2x xBRZ texture upscaling + 4x AF"
ULES00125,Burnout Legends,Europe,Games,Burnout Legends,exact,2.000,2x,OpenGL,Runs at close to or full speed without frameskip,2,0,,0,True,0,,111,0,False,,,Playability=NoFrameskip,Can push 3x resolution depending on the stage
ULES00126,Virtua Tennis: World Tour,Europe,Games,Virtua Tennis: World Tour,exact,2.000,3x,OpenGL,Playable with frameskip of 1 (close to full speed),3,0,,0,True,0,,111,1,False,,,FrameSkip=1;Playability=Frameskip1,"Frameskip = 1, constant 30fps"
ULES00151,Grand Theft Auto: Liberty City Stories,Europe,Games,Grand Theft Auto: Liberty City Stories,exact,2.000,1x,OpenGL,Unknown,1,0,,0,True,0,,222,,,,,CPUSpeed=222,"On Opengl Performance launcher, autoframeskip at 1, lazy textures and emulated PSP CPU clock set to 222mhz"
ULES00182,Grand Theft Auto: Liberty City Stories,Germany,Games,Grand Theft Auto: Liberty City Stories,exact,2.000,1x,OpenGL,Unknown,1,0,,0,True,0,,222,,,,,CPUSpeed=222,"On Opengl Performance launcher, autoframeskip at 1, lazy textures and emulated PSP CPU clock set to 222mhz"
ULES00196,Need for Speed: Most Wanted: 5-1-0,Europe,Games,Need for Speed: Most Wanted 5-1-0,exact,2.000,2x,OpenGL,Runs at close to or full speed without frameskip,2,0,,0,True,0,,111,0,False,,,Playability=NoFrameskip,
ULES00210,Harry Potter and the Goblet of Fire,Europe,Games,Harry Potter and the Goblet of Fire,exact,2.000,2x,OpenGL,Runs at close to or full speed without frameskip,2,0,,0,True,0,,111,0,False,,,Playability=NoFrameskip,
ULES00211,The Sims 2,Europe,Games,The Sims 2,exact,2.000,3x,OpenGL,Playable with frameskip of 1 (close to full speed),3,0,,0,True,0,,111,1,False,,,FrameSkip=1;Playability=Frameskip1,"Auto frameskip = 1, very stable gameplay. PSP clock set to Auto"
ULES00215,Harry Potter and the Goblet of Fire,Europe,Games,Harry Potter and the Goblet of Fire,exact,2.000,2x,OpenGL,Runs at close to or full speed without frameskip,2,0,,0,True,0,,111,0,False,,,Playability=NoFrameskip,
ULES00216,Harry Potter and the Goblet of Fire,Europe,Games,Harry Potter and the Goblet of Fire,exact,2.000,2x,OpenGL,Runs at close to or full speed without frameskip,2,0,,0,True,0,,111,0,False,,,Playability=NoFrameskip,
ULES00229,Stealth + WipEout Pure,Europe,Demos,WipEout Pure,variant,0.833,1x,Vulkan,Playable with frameskip of 1 (close to full speed),1,3,,0,True,0,,111,1,False,,,FrameSkip=1;Playability=Frameskip1,Frameskip = 1
ULES00230,Stealth + WipEout Pure,Germany,Demos,WipEout Pure,variant,0.833,1x,Vulkan,Playable with frameskip of 1 (close to full speed),1,3,,0,True,0,,111,1,False,,,FrameSkip=1;Playability=Frameskip1,Frameskip = 1
ULES00231,Furtif + WipEout Pure,France,Demos,WipEout Pure,variant,0.833,1x,Vulkan,Playable with frameskip of 1 (close to full speed),1,3,,0,True,0,,111,1,False,,,FrameSkip=1;Playability=Frameskip1,Frameskip = 1
ULES00232,Stealth + WipEout Pure,Australia,Demos,WipEout Pure,variant,0.833,1x,Vulkan,Playable with frameskip of 1 (close to full speed),1,3,,0,True,0,,111,1,False,,,FrameSkip=1;Playability=Frameskip1,Frameskip = 1
ULES00235,Street Fighter Alpha 3 Max,Europe,Games,Street Fighter Alpha 3 Max,exact,2.000,1x,OpenGL,Runs at close to or full speed without frameskip,1,0,,0,True,0,True,83,0,False,,,SkipGPUReadbacks=True;CPUSpeed=83;Playability=NoFrameskip,"83MHz underclock, force real clock sync, skip GPU readbacks, 30fps cheat enabled (fixes slowdown during cutscenes). Can get as slow as 10fps in some areas, don't count on it"
ULES00251,Mega Man: Maverick Hunter X,Europe,Games,Mega Man Maverick Hunter X,exact,2.000,3x,OpenGL,Runs at close to or full speed without frameskip,3,0,,0,True,0,,111,0,False,,,Playability=NoFrameskip,
ULES00256,Viewtiful Joe: Red Hot Rumble,Europe,Games,Viewtiful Joe: Red Hot Rumble,exact,2.000,2x,OpenGL,Runs at close to or full speed without frameskip,2,0,,0,True,0,,111,0,False,,,Playability=NoFrameskip,
ULES00260,Pac-Man World 3,Europe,Games,Pac-Man World 3,exact,2.000,2x,OpenGL,Runs at close to or full speed without frameskip,2,0,,0,True,0,,111,0,False,,,Playability=NoFrameskip,
ULES00262,OutRun 2006: Coast 2 Coast,Europe,Games,OutRun 2006: Coast 2 Coast,exact,2.000,2x,Vulkan,Playable with frameskip of 1 (close to full speed),2,3,,0,True,0,True,333,1,False,,,SkipGPUReadbacks=True;FrameSkip=1;CPUSpeed=333;Playability=Frameskip1,"333MHz PSP clock, frameskip 1, skip GPU readbacks, force real clock sync, aggressively lower effects resolution"
ULES00264,FIFA Street 2,Europe,Games,FIFA Street 2,exact,2.000,3x,OpenGL,Runs at close to or full speed without frameskip,3,0,,0,True,0,,111,0,False,,,Playability=NoFrameskip,
ULES00280,Nickelodeon SpongeBob SquarePants: The Yellow Avenger,Europe,Games,Nickelodeon SpongeBob SquarePants: The Yellow Avenger,exact,2.000,1x,OpenGL,Game crashes or is unplayable with frameskip (i.e. less than 70% speed with frameskip of 1),1,0,,0,True,0,,111,2,False,,,FrameSkip=2;Playability=Frameskip1,"90% speed with frameskip 2, Vulkan has better performance (~75% speed without frameskip) but rendering breaks with frameskip. Don't bother, just play the NDS version if you absolutely must"
ULES00288,007: From Russia with Love,"Europe, Australia",Games,007: From Russia with Love,exact,2.000,2x,OpenGL,Runs at close to or full speed without frameskip,2,0,,0,True,0,True,111,0,False,,,SkipGPUReadbacks=True;TextureBackoffCache=True;SplineBezierQuality=0;Playability=NoFrameskip,Runs at constant 60fps.  use power profile. Skip GPU Readbacks  Lazy texture caching and Spline low.
ULES00290,007: From Russia with Love,UK,Games,007: From Russia with Love,exact,2.000,2x,OpenGL,Runs at close to or full speed without frameskip,2,0,,0,True,0,True,111,0,False,,,SkipGPUReadbacks=True;TextureBackoffCache=True;SplineBezierQuality=0;Playability=NoFrameskip,Runs at constant 60fps.  use power profile. Skip GPU Readbacks  Lazy texture caching and Spline low.
ULES00309,Dragon Ball Z: Shin Budokai,Europe,Games,Dragon Ball Z: Shin Budokai,exact,2.000,2x,OpenGL,Runs at close to or full speed without frameskip,2,0,,0,True,0,,111,0,False,,,Playability=NoFrameskip,
ULES00318,Monster Hunter Freedom,"Europe, Australia",Games,Monster Hunter Freedom,exact,2.000,3x,OpenGL,Runs at close to or full speed without frameskip,3,0,,0,True,0,,111,0,False,,,Playability=NoFrameskip,
ULES00339,Me & My Katamari,Europe,Games,Me and My Katamari,partial,1.000,2x,OpenGL,Runs at close to or full speed without frameskip,2,0,,0,True,0,,111,0,False,,,Playability=NoFrameskip,
ULES00375,Miami Vice: The Game,Europe,Games,Miami Vice,variant,0.833,1x,OpenGL,Unknown,1,0,,0,True,0,,111,,,,,,Autoframeskip set to 1
ULES00376,Miami Vice: The Game,Russia,Games,Miami Vice,variant,0.833,1x,OpenGL,Unknown,1,0,,0,True,0,,111,,,,,,Autoframeskip set to 1
ULES00383,Gitaroo Man Lives!,Europe,Games,Gitaroo Man Lives!,exact,2.000,3x,OpenGL,Runs at close to or full speed without frameskip,3,0,,0,True,0,,111,0,False,,,Playability=NoFrameskip,
ULES00390,Def Jam: Fight for NY: The Takeover,Europe,Games,Def Jam Fight for NY The Takeover,exact,2.000,2x,OpenGL,Runs at close to or full speed without frameskip,2,0,,0,True,0,,111,0,False,,,Playability=NoFrameskip,
ULES00419,Ultimate Ghosts'n Goblins,Europe,Games,Ultimate Ghosts'n Goblins,exact,2.000,1x,OpenGL,Playable with frameskip of 1 (close to full speed),1,0,,0,True,0,,111,1,False,,,Playability=Frameskip1,
ULES00469,Bomberman,Europe,Games,Bomberman,exact,2.000,3x,OpenGL,Runs at close to or full speed without frameskip,3,0,,0,True,0,,111,0,False,,,Playability=NoFrameskip,
ULES00483,The Warriors,Europe,Games,The Warriors,exact,2.000,1x,OpenGL,Playable with frameskip of 1 (close to full speed),1,0,,0,True,0,,111,1,False,,,Playability=Frameskip1,
ULES00484,Gun Showdown,Europe,Games,Gun Showdown,exact,2.000,2x,OpenGL,Runs at close to or full speed without frameskip,2,0,,0,True,0,,111,0,False,,,Playability=NoFrameskip,
ULES00485,Gun Showdown,Germany,Games,Gun Showdown,exact,2.000,2x,OpenGL,Runs at close to or full speed without frameskip,2,0,,0,True,0,,111,0,False,,,Playability=NoFrameskip,
ULES00502,Grand Theft Auto: Vice City Stories,Europe,Games,Grand Theft Auto: Vice City Stories,exact,2.000,1x,OpenGL,Runs at close to or full speed without frameskip,1,0,,0,True,0,,111,0,False,,,Playability=NoFrameskip,
ULES00503,Grand Theft Auto: Vice City Stories,Germany,Games,Grand Theft Auto: Vice City Stories,exact,2.000,1x,OpenGL,Runs at close to or full speed without frameskip,1,0,,0,True,0,,111,0,False,,,Playability=NoFrameskip,
ULES00507,Open Season,Europe,Games,Open Season,exact,2.000,1x,Vulkan,Game crashes or is unplayable with frameskip (i.e. less than 70% speed with frameskip of 1),1,3,,0,True,0,,111,1,False,,,Playability=Frameskip1,
ULES00508,Open Season,Europe,Games,Open Season,exact,2.000,1x,Vulkan,Game crashes or is unplayable with frameskip (i.e. less than 70% speed with frameskip of 1),1,3,,0,True,0,,111,1,False,,,Playability=Frameskip1,
ULES00542,Marvel: Ultimate Alliance,Europe,Games,Marvel: Ultimate Alliance,exact,2.000,2x,OpenGL,Runs at close to or full speed without frameskip,2,0,,0,True,0,,111,0,False,,,Playability=NoFrameskip,Autoframeskip set to 1
ULES00569,Dungeon Siege: Throne of Agony,Europe,Games,Dungeon Siege: Throne of Agony,exact,2.000,2x,OpenGL,Runs at close to or full speed without frameskip,2,0,,0,True,0,,111,0,False,,,Playability=NoFrameskip,
ULES00576,Need for Speed: Carbon: Own the City,Europe,Games,Need for Speed: Carbon: Own the City,exact,2.000,2x,OpenGL,Runs at close to or full speed without frameskip,2,0,,0,True,0,,111,0,False,,,Playability=NoFrameskip,
ULES00577,Need for Speed: Carbon: Own the City,Europe,Games,Need for Speed: Carbon: Own the City,exact,2.000,2x,OpenGL,Runs at close to or full speed without frameskip,2,0,,0,True,0,,111,0,False,,,Playability=NoFrameskip,
ULES00595,The Sims 2: Pets,Europe,Games,The Sims 2: Pets,exact,2.000,3x,OpenGL,Runs at close to or full speed without frameskip,3,0,,0,True,0,,111,0,False,,,Playability=NoFrameskip,Can stutter when loading in new areas
ULES00596,The Sims 2: Pets,Europe,Games,The Sims 2: Pets,exact,2.000,3x,OpenGL,Runs at close to or full speed without frameskip,3,0,,0,True,0,,111,0,False,,,Playability=NoFrameskip,Can stutter when loading in new areas
ULES00609,Justice League Heroes,Europe,Games,Justice League Heroes,exact,2.000,2x,OpenGL,Playable with frameskip of 1 (close to full speed),2,0,,0,True,0,,111,1,False,,,Playability=Frameskip1,
ULES00622,Sonic Rivals,Europe,Games,Sonic Rivals,exact,2.000,2x,Vulkan,Runs at close to or full speed without frameskip,2,3,,0,True,0,,111,0,False,,,Playability=NoFrameskip,
ULES00625,Tony Hawk's Project 8,Europe,Games,Tony Hawk's Project 8,exact,2.000,2x,OpenGL,Runs at close to or full speed without frameskip,2,0,,0,True,0,,111,0,False,,,Playability=NoFrameskip,Reset PSP clock speed to stabilise FPS. Can push 3x with Vulkan but with some graphical glitches and screen tearing
ULES00626,Tony Hawk's Project 8,Europe,Games,Tony Hawk's Project 8,exact,2.000,2x,OpenGL,Runs at close to or full speed without frameskip,2,0,,0,True,0,,111,0,False,,,Playability=NoFrameskip,Reset PSP clock speed to stabilise FPS. Can push 3x with Vulkan but with some graphical glitches and screen tearing
ULES00637,Test Drive Unlimited,Europe,Games,Test Drive Unlimited,exact,2.000,3x,OpenGL,Runs at close to or full speed without frameskip,3,0,,0,True,0,,111,0,False,,,Playability=NoFrameskip,"Enable ""Performance/Rendering Resolution fix"" cheat. Can increase the framerate to 30fps, may need to decrease resolution to 2x to weed out any framedips"
ULES00643,Call of Duty: Roads to Victory,Europe,Games,Call of Duty: Roads to Victory,exact,2.000,2x,OpenGL,Playable with frameskip of 1 (close to full speed),2,0,,0,True,0,,333,1,False,,,CPUSpeed=333;Playability=Frameskip1,Emulated PSP clock speed 333MHz. Runs at 30fps with slowdowns in more intense scenes
ULES00644,Call of Duty: Roads to Victory,Germany,Games,Call of Duty: Roads to Victory,exact,2.000,2x,OpenGL,Playable with frameskip of 1 (close to full speed),2,0,,0,True,0,,333,1,False,,,CPUSpeed=333;Playability=Frameskip1,Emulated PSP clock speed 333MHz. Runs at 30fps with slowdowns in more intense scenes
ULES00658,Innocent Life: A Futuristic Harvest Moon,Europe,Games,Innocent Life:A futuristic Harvest Moon,exact,2.000,2x,OpenGL,Runs at close to or full speed without frameskip,2,0,,0,True,0,,111,0,False,,,Playability=NoFrameskip,
ULES00661,Final Armada,Europe,Games,Final Armada,exact,2.000,1x,OpenGL,Unknown,1,0,,0,True,0,,111,,,,,,
ULES00703,Burnout Dominator,Europe,Games,Burnout Dominator,exact,2.000,1x,OpenGL,Runs at close to or full speed without frameskip,1,0,,0,True,0,,111,0,False,,,Playability=NoFrameskip,Can push 2x resolution most of the time
ULES00705,Pac-Man Rally,Europe,Preproduction,Pac-Man World Rally,superset,0.875,3x,OpenGL,Runs at close to or full speed without frameskip,3,0,,0,True,0,,111,0,False,,,Playability=NoFrameskip,Can run at 30fps with cheats
ULES00718,Coded Arms: Contagion,Europe,Games,Coded Arms,variant,0.833,2x,OpenGL,Runs at close to or full speed without frameskip,2,0,,4,True,0,,166,0,False,0,2,"AnisotropyLevel=4;TexScalingType=0,TexScalingLevel=2;CPUSpeed=166;Playability=NoFrameskip","CPU clock set to 166MHz, 30fps cheat enabled. 2x xBRZ texture upscaling + 4x AF"
ULES00750,Burnout Dominator,Europe,Games,Burnout Dominator,exact,2.000,1x,OpenGL,Runs at close to or full speed without frameskip,1,0,,0,True,0,,111,0,False,,,Playability=NoFrameskip,Can push 2x resolution most of the time
ULES00837,Tales of the World: Radiant Mythology,Europe,Games,Tales of The World: Radiant Mythology,exact,2.000,3x,OpenGL,Runs at close to or full speed without frameskip,3,0,,0,True,0,,111,0,False,,,Playability=NoFrameskip,
ULES00841,Castlevania: The Dracula X Chronicles,Europe,Games,Castlevania: The Dracula X Chronicles,exact,2.000,3x,OpenGL,Runs at close to or full speed without frameskip,3,0,,0,True,0,,111,0,False,,,Playability=NoFrameskip,
ULES00850,Final Fantasy Tactics: The War of the Lions,Europe,Games,Final Fantasy Tactics: The War of the Lions,exact,2.000,3x,OpenGL,Runs at close to or full speed without frameskip,3,0,,0,True,0,,111,0,False,,,Playability=NoFrameskip,3x can still do speed up to ~150% speed if you want to use fast forward.
ULES00861,Star Wars Battlefront: Renegade Squadron,Europe,Games,Star Wars Battlefront Renegade Squadron,exact,2.000,2x,OpenGL,Runs at close to or full speed without frameskip,2,0,,0,True,0,,111,0,False,,,Playability=NoFrameskip,
ULES00905,Ben 10: Protector of Earth,Europe,Games,Ben 10 Protector of Earth,exact,2.000,2x,OpenGL,Runs at close to or full speed without frameskip,2,0,,0,True,0,,111,0,False,,,Playability=NoFrameskip,
ULES00906,Ben 10: Protector of Earth,Europe,Games,Ben 10 Protector of Earth,exact,2.000,2x,OpenGL,Runs at close to or full speed without frameskip,2,0,,0,True,0,,111,0,False,,,Playability=NoFrameskip,
ULES00915,Crash of the Titans,Europe,Games,Crash of the Titans,exact,2.000,SBE,OpenGL,Playable with frameskip of 1 (close to full speed),,0,True,0,True,0,,111,1,False,,,CPUSpeed=111;Playability=Frameskip1,111MHz system clock.
ULES00916,Crash of the Titans,Europe,Games,Crash of the Titans,exact,2.000,SBE,OpenGL,Playable with frameskip of 1 (close to full speed),,0,True,0,True,0,,111,1,False,,,CPUSpeed=111;Playability=Frameskip1,111MHz system clock.
ULES00917,Crash of the Titans,Europe,Games,Crash of the Titans,exact,2.000,SBE,OpenGL,Playable with frameskip of 1 (close to full speed),,0,True,0,True,0,,111,1,False,,,CPUSpeed=111;Playability=Frameskip1,111MHz system clock.
ULES00918,Crash of the Titans,Europe,Games,Crash of the Titans,exact,2.000,SBE,OpenGL,Playable with frameskip of 1 (close to full speed),,0,True,0,True,0,,111,1,False,,,CPUSpeed=111;Playability=Frameskip1,111MHz system clock.
ULES00928,Juiced 2: Hot Import Nights,Europe,Games,Juiced 2 - Hot Import Nights,exact,2.000,1x,OpenGL,Playable with frameskip of 1 (close to full speed),1,0,,0,True,0,,111,1,False,,,Playability=Frameskip1,"Runs at near-constant 30fps, use AutoSkip to smoothen the gameplay.  Use Power profile."
ULES00938,Spider-Man 3,Europe,Games,Spider-Man 3,exact,2.000,1x,OpenGL,Unknown,1,0,,0,True,0,,111,,,,,,
ULES00940,Sonic Rivals 2,Europe,Games,Sonic Rivals 2,exact,2.000,1x,OpenGL,Runs at close to or full speed without frameskip,1,0,,0,True,0,,111,0,False,,,Playability=NoFrameskip,
ULES00945,The Sims 2: Castaway,Europe,Games,The Sims 2,variant,0.833,3x,OpenGL,Playable with frameskip of 1 (close to full speed),3,0,,0,True,0,,111,1,False,,,FrameSkip=1;Playability=Frameskip1,"Auto frameskip = 1, very stable gameplay. PSP clock set to Auto"
ULES00955,Medal of Honor: Heroes 2,Europe,Games,Medal of Honor Heroes 2,exact,2.000,2x,OpenGL,Playable with frameskip of 1 (close to full speed),2,0,,0,True,0,,111,1,False,,,Playability=Frameskip1,
ULES00956,Medal of Honor: Heroes 2,Europe,Games,Medal of Honor Heroes 2,exact,2.000,2x,OpenGL,Playable with frameskip of 1 (close to full speed),2,0,,0,True,0,,111,1,False,,,Playability=Frameskip1,
ULES00981,Star Wars: The Force Unleashed,Europe,Games,Star Wars: The Force Unleashed,exact,2.000,1x,Vulkan,Unknown,1,3,,0,True,0,,111,,,,,,
ULES00982,Star Wars: The Force Unleashed,Europe,Games,Star Wars: The Force Unleashed,exact,2.000,1x,Vulkan,Unknown,1,3,,0,True,0,,111,,,,,,
ULES00988,Medal of Honor: Heroes 2,Australia,Games,Medal of Honor Heroes 2,exact,2.000,2x,OpenGL,Playable with frameskip of 1 (close to full speed),2,0,,0,True,0,,111,1,False,,,Playability=Frameskip1,
ULES00999,Disgaea: Afternoon of Darkness,Europe,Games,Disgaea: Afternoon of Darkness,exact,2.000,2x,OpenGL,Runs at close to or full speed without frameskip,2,0,,0,True,0,,111,0,False,,,Playability=NoFrameskip,
ULES01044,Crisis Core: Final Fantasy VII,Europe,Games,Crisis Core: Final Fantasy VII,exact,2.000,3x,OpenGL,Runs at close to or full speed without frameskip,3,0,,0,True,0,,111,0,False,,,Playability=NoFrameskip,
ULES01045,Crisis Core: Final Fantasy VII,France,Games,Crisis Core: Final Fantasy VII,exact,2.000,3x,OpenGL,Runs at close to or full speed without frameskip,3,0,,0,True,0,,111,0,False,,,Playability=NoFrameskip,
ULES01046,Crisis Core: Final Fantasy VII,Germany,Games,Crisis Core: Final Fantasy VII,exact,2.000,3x,OpenGL,Runs at close to or full speed without frameskip,3,0,,0,True,0,,111,0,False,,,Playability=NoFrameskip,
ULES01047,Crisis Core: Final Fantasy VII,Italy,Games,Crisis Core: Final Fantasy VII,exact,2.000,3x,OpenGL,Runs at close to or full speed without frameskip,3,0,,0,True,0,,111,0,False,,,Playability=NoFrameskip,
ULES01048,Crisis Core: Final Fantasy VII,Spain,Games,Crisis Core: Final Fantasy VII,exact,2.000,3x,OpenGL,Runs at close to or full speed without frameskip,3,0,,0,True,0,,111,0,False,,,Playability=NoFrameskip,
ULES01086,LEGO Indiana Jones: The Original Adventures,Europe,Games,LEGO Indiana Jones: The Original Adventures,exact,2.000,2x,OpenGL,Unknown,2,0,,0,True,0,True,111,,,,,SkipGPUReadbacks=True,"Performance launcher, Skip GPU readbacks, Lazy textures, linear filtering, low res for effects on agressive, frameskip auto set on 1,playable, you can set to 1x for full speed"
ULES01144,Midnight Club: L.A. Remix,Europe,Games,Midnight Club: L.A. Remix,exact,2.000,1x,Vulkan,Unknown,1,3,,0,True,0,,111,,,,,,
ULES01151,LEGO Batman: The Videogame,Europe,Games,LEGO Batman: The Videogame,exact,2.000,2x,OpenGL,Unknown,2,0,,0,True,0,True,111,,,,,SkipGPUReadbacks=True,"Performance launcher, Skip GPU readbacks, Lazy textures, linear filtering, low res for effects on agressive, frameskip auto set on 1,playable, you can set to 1x for full speed"
ULES01170,Crash: Mind over Mutant,Europe,Games,Crash: Mind over Mutant,exact,2.000,2x,OpenGL,Playable with frameskip of 1 (close to full speed),2,0,,0,True,0,,111,1,False,,,CPUSpeed=111;Playability=Frameskip1,"Lower effects resolution set to aggressive. underclock to 111MHz. Very playable, rarely drops below 90-95% speed"
ULES01171,Crash: Mind over Mutant,Europe,Games,Crash: Mind over Mutant,exact,2.000,2x,OpenGL,Playable with frameskip of 1 (close to full speed),2,0,,0,True,0,,111,1,False,,,CPUSpeed=111;Playability=Frameskip1,"Lower effects resolution set to aggressive. underclock to 111MHz. Very playable, rarely drops below 90-95% speed"
ULES01172,Crash: Mind over Mutant,Europe,Games,Crash: Mind over Mutant,exact,2.000,2x,OpenGL,Playable with frameskip of 1 (close to full speed),2,0,,0,True,0,,111,1,False,,,CPUSpeed=111;Playability=Frameskip1,"Lower effects resolution set to aggressive. underclock to 111MHz. Very playable, rarely drops below 90-95% speed"
ULES01213,Monster Hunter Freedom Unite,Europe,Games,Monster Hunter Freedom Unite,exact,2.000,3x,OpenGL,Runs at close to or full speed without frameskip,3,0,,0,True,0,,111,0,False,,,Playability=NoFrameskip,
ULES01214,Star Wars Battlefront: Elite Squadron,Europe,Games,Star Wars Battlefront Elite Squadron,exact,2.000,2x,OpenGL,Runs at close to or full speed without frameskip,2,0,,0,True,0,,111,0,False,,,Playability=NoFrameskip,
ULES01215,Mana Khemia: Student Alliance,Europe,Games,Mana Khemia: A Student Alliance,partial,1.000,2x,OpenGL,Runs at close to or full speed without frameskip,2,0,,0,True,0,,111,0,False,,,Playability=NoFrameskip,
ULES01221,Dynasty Warriors: Strikeforce,Europe,Games,Dynasty Warriors Strikeforce,exact,2.000,2x,OpenGL,Runs at close to or full speed without frameskip,2,0,,0,True,0,,111,0,False,,,Playability=NoFrameskip,
ULES01242,SOCOM: U.S. Navy SEALs: Fireteam Bravo 3,Europe,Games,SOCOM US Navy Seals: Fireteam Bravo 3,partial,0.804,2x,OpenGL,Game crashes or is unplayable with frameskip (i.e. less than 70% speed with frameskip of 1),2,0,,0,True,0,,111,1,False,,,Playability=Frameskip1,Graphical glitches with both renderers
ULES01278,Prinny: Can I Really Be the Hero?,Europe,Games,Prinny: Can i Really be The Heroe,partial,0.833,2x,OpenGL,Runs at close to or full speed without frameskip,2,0,,0,True,0,,111,0,False,,,Playability=NoFrameskip,
ULES01316,IL-2 Sturmovik: Birds of Prey,Europe,Games,IL-2 Sturmovik: Birds of Prey,exact,2.000,SBE,Vulkan,Runs at close to or full speed without frameskip,,3,True,0,True,0,,111,0,False,,,Playability=NoFrameskip,Force real clock sync. Some tearing may occur during cutscenes
ULES01343,Marvel: Ultimate Alliance 2,Europe,Games,Marvel: Ultimate Alliance 2,exact,2.000,1x,OpenGL,Game crashes or is unplayable with frameskip (i.e. less than 70% speed with frameskip of 1),1,0,,0,True,0,,111,1,False,,,Playability=Frameskip1,
ULES01347,Grand Theft Auto: Chinatown Wars,Europe,Games,Grand Theft Auto: Chinatown Wars,exact,2.000,2x,OpenGL,Runs at close to or full speed without frameskip,2,0,,0,True,0,,111,0,False,,,Playability=NoFrameskip,
ULES01372,Metal Gear Solid: Peace Walker,"Europe, Australia",Games,Metal Gear Solid: Peace Walker,exact,2.000,2x,OpenGL,Playable with frameskip of 1 (close to full speed),2,0,,0,True,0,,111,1,False,,,Playability=Frameskip1,"Some bossfights run at less than full speed (<20FPS), can run at 30FPS with cheats and 1x resolution"
ULES01376,Tekken 6,Europe,Games,Tekken 6,exact,2.000,SBE,Vulkan,Playable with frameskip of 1 (close to full speed),,3,True,0,True,0,,111,1,False,,,FrameSkip=1;Playability=Frameskip1,Frameskip = 1
ULES01384,Dante's Inferno,Europe,Games,Dante's Inferno,exact,2.000,1x,OpenGL,Playable with frameskip of 1 (close to full speed),1,0,,0,True,0,,111,1,False,,,Playability=Frameskip1,2x lags at 80% speed. frameskip will have graphics glitch.
ULES01385,Dante's Inferno,France,Games,Dante's Inferno,exact,2.000,1x,OpenGL,Playable with frameskip of 1 (close to full speed),1,0,,0,True,0,,111,1,False,,,Playability=Frameskip1,2x lags at 80% speed. frameskip will have graphics glitch.
ULES01386,Dante's Inferno,Italy,Games,Dante's Inferno,exact,2.000,1x,OpenGL,Playable with frameskip of 1 (close to full speed),1,0,,0,True,0,,111,1,False,,,Playability=Frameskip1,2x lags at 80% speed. frameskip will have graphics glitch.
ULES01387,Dante's Inferno,Germany,Games,Dante's Inferno,exact,2.000,1x,OpenGL,Playable with frameskip of 1 (close to full speed),1,0,,0,True,0,,111,1,False,,,Playability=Frameskip1,2x lags at 80% speed. frameskip will have graphics glitch.
ULES01388,Dante's Inferno,Spain,Games,Dante's Inferno,exact,2.000,1x,OpenGL,Playable with frameskip of 1 (close to full speed),1,0,,0,True,0,,111,1,False,,,Playability=Frameskip1,2x lags at 80% speed. frameskip will have graphics glitch.
ULES01392,Disgaea 2: Dark Hero Days,Europe,Games,Disgaea 2: Dark Hero Days,exact,2.000,2x,OpenGL,Runs at close to or full speed without frameskip,2,0,,0,True,0,,111,0,False,,,Playability=NoFrameskip,
ULES01394,Guilty Gear XX Accent Core Plus,Europe,Games,Guilty Gear XX Accent Core Plus,exact,2.000,1x,OpenGL,Playable with frameskip of 1 (close to full speed),1,0,,0,True,0,,111,1,False,,,Playability=Frameskip1,
ULES01408,Ace Combat: Joint Assault,Europe,Games,Ace Combat: Joint Assault,exact,2.000,2x,OpenGL,Runs at close to or full speed without frameskip,2,0,,0,True,0,,111,0,False,,,Playability=NoFrameskip,
ULES01417,Valkyria Chronicles II,Europe,Games,Valkyria Chronicles II,exact,2.000,2x,OpenGL,Runs at close to or full speed without frameskip,2,0,,0,True,0,,111,0,False,,,Playability=NoFrameskip,
ULES01429,Metal Slug XX,Europe,Games,Metal Slug XX,exact,2.000,3x,OpenGL,Runs at close to or full speed without frameskip,3,0,,0,True,0,,111,0,False,,,Playability=NoFrameskip,
ULES01432,Fullmetal Alchemist: Brotherhood,Europe,Games,FullMetal Alchemist Brotherhood,exact,2.000,1x,OpenGL,Game crashes or is unplayable with frameskip (i.e. less than 70% speed with frameskip of 1),1,0,,0,True,0,,111,1,False,,,Playability=Frameskip1,"Even at 1x, with frameskip and lazy textures the game is super slow"
ULES01433,Fullmetal Alchemist: Brotherhood,France,Games,FullMetal Alchemist Brotherhood,exact,2.000,1x,OpenGL,Game crashes or is unplayable with frameskip (i.e. less than 70% speed with frameskip of 1),1,0,,0,True,0,,111,1,False,,,Playability=Frameskip1,"Even at 1x, with frameskip and lazy textures the game is super slow"
ULES01439,Phantasy Star Portable 2,Europe,Games,Phantasy Star Portable 2,exact,2.000,2x,OpenGL,Playable with frameskip of 1 (close to full speed),2,0,,0,True,0,,111,1,False,,,Playability=Frameskip1,"Lazy textures, frameskip on auto can help sometimes but isnt neccesary"
ULES01441,Kingdom Hearts: Birth by Sleep,Europe,Games,Kingdom Hearts: Birth By Sleep,exact,2.000,2x,OpenGL,Playable with frameskip of 1 (close to full speed),2,0,,0,True,0,,111,1,False,,,Playability=Frameskip1,
ULES01456,Dragon Ball Z: Tenkaichi Tag Team,Europe,Games,Dragon Ball Z: Tenkaichi Tag Team,exact,2.000,1x,OpenGL,Playable with frameskip of 1 (close to full speed),1,0,,0,True,0,,111,1,False,,,Playability=Frameskip1,Frameskip set to 1 nearly full speed
ULES01500,Tactics Ogre: Let Us Cling Together,Europe,Games,Tactics Ogre: Let us Cling Together,exact,2.000,2x,OpenGL,Playable with frameskip of 1 (close to full speed),2,0,,0,True,0,,111,1,False,,,Playability=Frameskip1,
ULES01513,The 3rd Birthday,Europe,Games,The 3rd Birthday,exact,2.000,2x,OpenGL,Runs at close to or full speed without frameskip,2,0,,2,True,0,,111,0,False,,,AnisotropyLevel=2;Playability=NoFrameskip,2x AF
ULES01515,Gladiator Begins,Europe,Games,Gladiator Begins,exact,2.000,2x,OpenGL,Playable with frameskip of 1 (close to full speed),2,0,,0,True,0,,111,1,False,,,Playability=Frameskip1,with auto frameskip box checked but set to Off runs at full speed no drops
ULES01519,Gods Eater Burst,Europe,Games,Gods Eater Burst,exact,2.000,2x,Vulkan,Runs at close to or full speed without frameskip,2,3,,0,True,0,,111,0,False,,,Playability=NoFrameskip,
ULES01521,Final Fantasy IV: The Complete Collection,Europe,Games,Final Fantasy IV The Complete Edition,partial,0.800,2x,OpenGL,Playable with frameskip of 1 (close to full speed),2,0,,0,True,0,,111,1,False,,,Playability=Frameskip1,Autoframeskip and lazy textures for some reason it has some hiccups here and there without them
ULES01523,Shin Megami Tensei: Persona 3 Portable,Europe,Preproduction,Shin Megami Tensei: Persona 3 Portable,exact,2.000,3x,OpenGL,Runs at close to or full speed without frameskip,3,0,,0,True,0,,111,0,False,,,Playability=NoFrameskip,
ULES01557,Shin Megami Tensei: Persona 2: Innocent Sin,Europe,Games,Shin Megami Tensei: Persona 2: Innocent Sin,exact,2.000,2x,OpenGL,Runs at close to or full speed without frameskip,2,0,,2,True,0,,111,0,False,,,AnisotropyLevel=2;Playability=NoFrameskip,2x AF
ULET01349,Grand Theft Auto: Chinatown Wars,Europe,Preproduction,Grand Theft Auto: Chinatown Wars,exact,2.000,2x,OpenGL,Runs at close to or full speed without frameskip,2,0,,0,True,0,,111,0,False,,,Playability=NoFrameskip,
ULJM05008,Need for Speed: Underground Rivals,Japan,Games,Need for Speed: Underground Rivals,exact,2.000,2x,OpenGL,Runs at close to or full speed without frameskip,2,0,,0,True,0,,111,0,False,,,Playability=NoFrameskip,
ULJM05024,Coded Arms,Japan,Games,Coded Arms,exact,2.000,2x,OpenGL,Runs at close to or full speed without frameskip,2,0,,4,True,0,,166,0,False,0,2,"AnisotropyLevel=4;TexScalingType=0,TexScalingLevel=2;CPUSpeed=166;Playability=NoFrameskip","CPU clock set to 166MHz, 30fps cheat enabled. 2x xBRZ texture upscaling + 4x AF"
ULJM05049,Burnout Legends,Japan,Games,Burnout Legends,exact,2.000,2x,OpenGL,Runs at close to or full speed without frameskip,2,0,,0,True,0,,111,0,False,,,Playability=NoFrameskip,Can push 3x resolution depending on the stage
ULJM05073,Need for Speed: Most Wanted: 5-1-0,Japan,Games,Need for Speed: Most Wanted 5-1-0,exact,2.000,2x,OpenGL,Runs at close to or full speed without frameskip,2,0,,0,True,0,,111,0,False,,,Playability=NoFrameskip,
ULJM05093,Initial D: Street Stage,Japan,Games,Initial D: Street Stage,exact,2.000,1x,OpenGL,Runs at close to or full speed without frameskip,1,0,,0,True,0,,111,0,False,,,Playability=NoFrameskip,
ULJM05105,Stealth feat. WipEout Pure Stealth Edition,Japan,Demos,WipEout Pure,variant,0.667,1x,Vulkan,Playable with frameskip of 1 (close to full speed),1,3,,0,True,0,,111,1,False,,,FrameSkip=1;Playability=Frameskip1,Frameskip = 1
ULJM05128,Boku wa Koukuu Kanseikan: Airport Hero Narita,Japan,Games,Boku wa Koukuu Kanseikan: Airport Hero Kankuu,partial,0.857,3x,OpenGL,Runs at close to or full speed without frameskip,3,0,,0,True,0,,111,0,False,,,Playability=NoFrameskip,
ULJM05130,Gitaroo Man Lives!,Japan,Games,Gitaroo Man Lives!,exact,2.000,3x,OpenGL,Runs at close to or full speed without frameskip,3,0,,0,True,0,,111,0,False,,,Playability=NoFrameskip,
ULJM05156,Monster Hunter Portable 2nd,"Japan, Korea",Games,Monster Hunter Portable 2nd G,superset,0.900,3x,OpenGL,Runs at close to or full speed without frameskip,3,0,,0,True,0,,111,0,False,,,Playability=NoFrameskip,
ULJM05171,Boku wa Koukuu Kanseikan: Airport Hero Naha,Japan,Games,Boku wa Koukuu Kanseikan: Airport Hero Kankuu,partial,0.857,3x,OpenGL,Runs at close to or full speed without frameskip,3,0,,0,True,0,,111,0,False,,,Playability=NoFrameskip,
ULJM05183,Need for Speed: Most Wanted: 5-1-0,Japan,Games,Need for Speed: Most Wanted 5-1-0,exact,2.000,2x,OpenGL,Runs at close to or full speed without frameskip,2,0,,0,True,0,,111,0,False,,,Playability=NoFrameskip,
ULJM05228,Burnout Legends,Japan,Games,Burnout Legends,exact,2.000,2x,OpenGL,Runs at close to or full speed without frameskip,2,0,,0,True,0,,111,0,False,,,Playability=NoFrameskip,Can push 3x resolution depending on the stage
ULJM05255,Grand Theft Auto: Liberty City Stories,Japan,Games,Grand Theft Auto: Liberty City Stories,exact,2.000,1x,OpenGL,Unknown,1,0,,0,True,0,,222,,,,,CPUSpeed=222,"On Opengl Performance launcher, autoframeskip at 1, lazy textures and emulated PSP CPU clock set to 222mhz"
ULJM05275,Crisis Core: Final Fantasy VII,"Japan, Asia",Games,Crisis Core: Final Fantasy VII,exact,2.000,3x,OpenGL,Runs at close to or full speed without frameskip,3,0,,0,True,0,,111,0,False,,,Playability=NoFrameskip,
ULJM05297,Grand Theft Auto: Vice City Stories,Japan,Games,Grand Theft Auto: Vice City Stories,exact,2.000,1x,OpenGL,Runs at close to or full speed without frameskip,1,0,,0,True,0,,111,0,False,,,Playability=NoFrameskip,
ULJM05355,Guilty Gear XX Accent Core Plus,Japan,Games,Guilty Gear XX Accent Core Plus,exact,2.000,1x,OpenGL,Playable with frameskip of 1 (close to full speed),1,0,,0,True,0,,111,1,False,,,Playability=Frameskip1,
ULJM05359,Grand Theft Auto: Liberty City Stories,Japan,Games,Grand Theft Auto: Liberty City Stories,exact,2.000,1x,OpenGL,Unknown,1,0,,0,True,0,,222,,,,,CPUSpeed=222,"On Opengl Performance launcher, autoframeskip at 1, lazy textures and emulated PSP CPU clock set to 222mhz"
ULJM05371,Burnout Dominator,Japan,Games,Burnout Dominator,exact,2.000,1x,OpenGL,Runs at close to or full speed without frameskip,1,0,,0,True,0,,111,0,False,,,Playability=NoFrameskip,Can push 2x resolution most of the time
ULJM05430,Medal of Honor: Heroes 2,Japan,Games,Medal of Honor Heroes 2,exact,2.000,2x,OpenGL,Playable with frameskip of 1 (close to full speed),2,0,,0,True,0,,111,1,False,,,Playability=Frameskip1,
ULJM05453,Boku wa Koukuu Kanseikan: Airport Hero Shinchitose,Japan,Games,Boku wa Koukuu Kanseikan: Airport Hero Kankuu,partial,0.857,3x,OpenGL,Runs at close to or full speed without frameskip,3,0,,0,True,0,,111,0,False,,,Playability=NoFrameskip,
ULJM05489,Persona 3 Portable,Japan,Games,Shin Megami Tensei: Persona 3 Portable,superset,0.750,3x,OpenGL,Runs at close to or full speed without frameskip,3,0,,0,True,0,,111,0,False,,,Playability=NoFrameskip,
ULJM05492,Armored Core 3 Portable,"Japan, Asia",Games,Armored Core 3 Portable,exact,2.000,2x,OpenGL,Runs at close to or full speed without frameskip,2,0,,2,True,0,,111,0,False,,,AnisotropyLevel=2;Playability=NoFrameskip,2x AF
ULJM05493,Phantasy Star Portable 2,Japan,Games,Phantasy Star Portable 2,exact,2.000,2x,OpenGL,Playable with frameskip of 1 (close to full speed),2,0,,0,True,0,,111,1,False,,,Playability=Frameskip1,"Lazy textures, frameskip on auto can help sometimes but isnt neccesary"
ULJM05500,Monster Hunter Portable 2nd G,"Japan, Asia",Games,Monster Hunter Portable 2nd G,exact,2.000,3x,OpenGL,Runs at close to or full speed without frameskip,3,0,,0,True,0,,111,0,False,,,Playability=NoFrameskip,
ULJM05501,Hexyz Force,Japan,Games,Hexyz Force,exact,2.000,2x,OpenGL,Runs at close to or full speed without frameskip,2,0,,2,True,0,,111,0,False,,,AnisotropyLevel=2;Playability=NoFrameskip,2x AF
ULJM05517,Crisis Core: Final Fantasy VII,"Japan, Asia",Games,Crisis Core: Final Fantasy VII,exact,2.000,3x,OpenGL,Runs at close to or full speed without frameskip,3,0,,0,True,0,,111,0,False,,,Playability=NoFrameskip,
ULJM05552,Armored Core: Silent Line Portable,Japan,Games,Armored Core: Silent Line Portable,exact,2.000,2x,OpenGL,Runs at close to or full speed without frameskip,2,0,,2,True,0,,111,0,False,,,AnisotropyLevel=2;Playability=NoFrameskip,2x AF
ULJM05600,Kingdom Hearts: Birth by Sleep,"Japan, Asia",Games,Kingdom Hearts: Birth By Sleep,exact,2.000,2x,OpenGL,Playable with frameskip of 1 (close to full speed),2,0,,0,True,0,,111,1,False,,,Playability=Frameskip1,
ULJM05604,Grand Theft Auto: Chinatown Wars,Japan,Games,Grand Theft Auto: Chinatown Wars,exact,2.000,2x,OpenGL,Runs at close to or full speed without frameskip,2,0,,0,True,0,,111,0,False,,,Playability=NoFrameskip,
ULJM05611,Armored Core: Last Raven Portable,Japan,Games,Armored Core: Last Raven,variant,0.900,2x,OpenGL,Runs at close to or full speed without frameskip,2,0,,0,True,0,,111,0,False,,,Playability=NoFrameskip,
ULJM05630,Metal Gear Solid: Peace Walker,"Japan, Asia",Games,Metal Gear Solid: Peace Walker,exact,2.000,2x,OpenGL,Playable with frameskip of 1 (close to full speed),2,0,,0,True,0,,111,1,False,,,Playability=Frameskip1,"Some bossfights run at less than full speed (<20FPS), can run at 30FPS with cheats and 1x resolution"
ULJM05732,Phantasy Star Portable 2 Infinity,Japan,Games,Phantasy Star Portable 2,variant,0.900,2x,OpenGL,Playable with frameskip of 1 (close to full speed),2,0,,0,True,0,,111,1,False,,,Playability=Frameskip1,"Lazy textures, frameskip on auto can help sometimes but isnt neccesary"
ULJM05759,Persona 2: Tsumi: Innocent Sin,Japan,Games,Shin Megami Tensei: Persona 2: Innocent Sin,partial,0.686,2x,OpenGL,Runs at close to or full speed without frameskip,2,0,,2,True,0,,111,0,False,,,AnisotropyLevel=2;Playability=NoFrameskip,2x AF
ULJM05775,Kingdom Hearts: Birth by Sleep: Final Mix,Japan,Games,Kingdom Hearts: Birth By Sleep,variant,0.833,2x,OpenGL,Playable with frameskip of 1 (close to full speed),2,0,,0,True,0,,111,1,False,,,Playability=Frameskip1,
ULJM05798,The 3rd Birthday,Japan,Games,The 3rd Birthday,exact,2.000,2x,OpenGL,Runs at close to or full speed without frameskip,2,0,,2,True,0,,111,0,False,,,AnisotropyLevel=2;Playability=NoFrameskip,2x AF
ULJM05800,Monster Hunter Portable 3rd,"Japan, Asia",Games,Monster Hunter Portable 3rd,exact,2.000,2x,OpenGL,Runs at close to or full speed without frameskip,2,0,,0,True,0,,111,0,False,,,Playability=NoFrameskip,
ULJM05804,Grand Theft Auto: Chinatown Wars,Japan,Games,Grand Theft Auto: Chinatown Wars,exact,2.000,2x,OpenGL,Runs at close to or full speed without frameskip,2,0,,0,True,0,,111,0,False,,,Playability=NoFrameskip,
ULJM05855,Final Fantasy IV Complete Collection: Final Fantasy IV & The After Years,Japan,Games,Final Fantasy IV The Complete Edition,partial,0.600,2x,OpenGL,Playable with frameskip of 1 (close to full speed),2,0,,0,True,0,,111,1,False,,,Playability=Frameskip1,Autoframeskip and lazy textures for some reason it has some hiccups here and there without them
ULJM05859,Black Rock Shooter: The Game,Japan,Games,Black Rock Shooter The Game,exact,2.000,2x,OpenGL,Runs at close to or full speed without frameskip,2,0,,0,True,0,,111,0,False,,,Playability=NoFrameskip,
ULJM05884,Grand Theft Auto: Vice City Stories,Japan,Games,Grand Theft Auto: Vice City Stories,exact,2.000,1x,OpenGL,Runs at close to or full speed without frameskip,1,0,,0,True,0,,111,0,False,,,Playability=NoFrameskip,
ULJM05885,Grand Theft Auto: Liberty City Stories,Japan,Games,Grand Theft Auto: Liberty City Stories,exact,2.000,1x,OpenGL,Unknown,1,0,,0,True,0,,222,,,,,CPUSpeed=222,"On Opengl Performance launcher, autoframeskip at 1, lazy textures and emulated PSP CPU clock set to 222mhz"
ULJM05904,Midnight Club: L.A. Remix,Japan,Games,Midnight Club: L.A. Remix,exact,2.000,1x,Vulkan,Unknown,1,3,,0,True,0,,111,,,,,,
ULJM05923,7th Dragon 2020,Japan,Games,7th Dragon 2020,exact,2.000,2x,OpenGL,Runs at close to or full speed without frameskip,2,0,,8,True,0,,111,0,False,,,AnisotropyLevel=8;Playability=NoFrameskip,8x AF
ULJM05944,Clock Zero: Shuuen no Ichibyou Portable,Japan,Games,Clock Zero ~Shuuen no Ichibyou~,variant,0.917,2x,OpenGL,Runs at close to or full speed without frameskip,2,0,,2,True,0,,111,0,False,,,AnisotropyLevel=2;Playability=NoFrameskip,2x AF
ULJM05945,Clock Zero: Shuuen no Ichibyou Portable,Japan,Games,Clock Zero ~Shuuen no Ichibyou~,variant,0.917,2x,OpenGL,Runs at close to or full speed without frameskip,2,0,,2,True,0,,111,0,False,,,AnisotropyLevel=2;Playability=NoFrameskip,2x AF
ULJM05982,Lord of Apocalypse,Japan,Games,Lord Of Apocalypse,exact,2.000,3x,OpenGL,Runs at close to or full speed without frameskip,3,0,,0,True,0,,111,0,False,,,Playability=NoFrameskip,100% full speed with autoframeskip On
ULJM06008,The 3rd Birthday,Japan,Games,The 3rd Birthday,exact,2.000,2x,OpenGL,Runs at close to or full speed without frameskip,2,0,,2,True,0,,111,0,False,,,AnisotropyLevel=2;Playability=NoFrameskip,2x AF
ULJM06046,Elkrone no Atelier: Dear for Otomate,Japan,Games,Atelier Elkrone: Dear for Otomate,variant,0.900,2x,OpenGL,Runs at close to or full speed without frameskip,2,0,,2,True,0,,111,0,False,,,AnisotropyLevel=2;Playability=NoFrameskip,2x AF
ULJM06081,Persona 2: Batsu: Eternal Punishment,Japan,Games,Persona 2: Eternal Punishment,variant,0.900,2x,OpenGL,Runs at close to or full speed without frameskip,2,0,,2,True,0,,111,0,False,,,AnisotropyLevel=2;Playability=NoFrameskip,2x AF
ULJM06097,Musou Orochi 2 Special,Japan,Games,Musou Orochi special 2,partial,1.000,2x,OpenGL,Playable with frameskip of 1 (close to full speed),2,0,,0,True,0,,111,1,False,,,Playability=Frameskip1,
ULJM06113,Nayuta no Kiseki,Japan,Games,Nayuta no Kiseki,exact,2.000,1x,OpenGL,Playable with frameskip of 1 (close to full speed),1,0,,0,True,0,,111,1,False,,,Playability=Frameskip1,
ULJM06122,Final Fantasy IV Complete Collection: Final Fantasy IV & The After Years,Japan,Games,Final Fantasy IV The Complete Edition,partial,0.600,2x,OpenGL,Playable with frameskip of 1 (close to full speed),2,0,,0,True,0,,111,1,False,,,Playability=Frameskip1,Autoframeskip and lazy textures for some reason it has some hiccups here and there without them
ULJM06133,Final Fantasy III,Japan,Games,Final Fantasy III,exact,2.000,2x,OpenGL,Runs at close to or full speed without frameskip,2,0,,0,True,0,,111,0,False,,,Playability=NoFrameskip,
ULJM06213,Kingdom Hearts: Birth by Sleep: Final Mix,Japan,Games,Kingdom Hearts: Birth By Sleep,variant,0.833,2x,OpenGL,Playable with frameskip of 1 (close to full speed),2,0,,0,True,0,,111,1,False,,,Playability=Frameskip1,
ULJM06219,Black Wolves Saga: Last Hope,Japan,Games,Black Wolves Saga,variant,0.800,2x,OpenGL,Runs at close to or full speed without frameskip,2,0,,2,True,0,,111,0,False,,,AnisotropyLevel=2;Playability=NoFrameskip,2x AF
ULJM06223,Shining Ark,Japan,Games,Shining Ark,exact,2.000,2x,OpenGL,Runs at close to or full speed without frameskip,2,0,,0,True,0,,111,0,False,,,Playability=NoFrameskip,
ULJM06229,7th Dragon 2020-II,Japan,Games,7th Dragon 2020-II,exact,2.000,2x,OpenGL,Runs at close to or full speed without frameskip,2,0,,8,True,0,,111,0,False,,,AnisotropyLevel=8;Playability=NoFrameskip,8x AF
ULJM06376,Toukiden Kiwami,Japan,Games,Toukiden Kiwami,exact,2.000,2x,OpenGL,Runs at close to or full speed without frameskip,2,0,,0,True,0,,111,0,False,,,Playability=NoFrameskip,Autoframeskip on Auto
ULJM08003,Need for Speed: Underground Rivals,Japan,Games,Need for Speed: Underground Rivals,exact,2.000,2x,OpenGL,Runs at close to or full speed without frameskip,2,0,,0,True,0,,111,0,False,,,Playability=NoFrameskip,
ULJM08013,Initial D: Street Stage,Japan,Games,Initial D: Street Stage,exact,2.000,1x,OpenGL,Runs at close to or full speed without frameskip,1,0,,0,True,0,,111,0,False,,,Playability=NoFrameskip,
ULJM08019,Monster Hunter Portable 2nd G,"Japan, Asia",Games,Monster Hunter Portable 2nd G,exact,2.000,3x,OpenGL,Runs at close to or full speed without frameskip,3,0,,0,True,0,,111,0,False,,,Playability=NoFrameskip,
ULJM08025,Monster Hunter Portable 2nd G,"Japan, Asia",Games,Monster Hunter Portable 2nd G,exact,2.000,3x,OpenGL,Runs at close to or full speed without frameskip,3,0,,0,True,0,,111,0,False,,,Playability=NoFrameskip,
ULJM08030,Phantasy Star Portable 2,Japan,Games,Phantasy Star Portable 2,exact,2.000,2x,OpenGL,Playable with frameskip of 1 (close to full speed),2,0,,0,True,0,,111,1,False,,,Playability=Frameskip1,"Lazy textures, frameskip on auto can help sometimes but isnt neccesary"
ULJM08038,Metal Gear Solid: Peace Walker,"Japan, Asia",Games,Metal Gear Solid: Peace Walker,exact,2.000,2x,OpenGL,Playable with frameskip of 1 (close to full speed),2,0,,0,True,0,,111,1,False,,,Playability=Frameskip1,"Some bossfights run at less than full speed (<20FPS), can run at 30FPS with cheats and 1x resolution"
ULJM08040,Initial D: Street Stage,Japan,Games,Initial D: Street Stage,exact,2.000,1x,OpenGL,Runs at close to or full speed without frameskip,1,0,,0,True,0,,111,0,False,,,Playability=NoFrameskip,
ULJM08044,Persona 3 Portable,Japan,Games,Shin Megami Tensei: Persona 3 Portable,superset,0.750,3x,OpenGL,Runs at close to or full speed without frameskip,3,0,,0,True,0,,111,0,False,,,Playability=NoFrameskip,
ULJM08058,Monster Hunter Portable 3rd,"Japan, Asia",Games,Monster Hunter Portable 3rd,exact,2.000,2x,OpenGL,Runs at close to or full speed without frameskip,2,0,,0,True,0,,111,0,False,,,Playability=NoFrameskip,
ULJM91018,Phantasy Star Portable 2,Japan,Demos,Phantasy Star Portable 2,exact,2.000,2x,OpenGL,Playable with frameskip of 1 (close to full speed),2,0,,0,True,0,,111,1,False,,,Playability=Frameskip1,"Lazy textures, frameskip on auto can help sometimes but isnt neccesary"
ULJM91022,Phantasy Star Portable 2 Infinity,Japan,Demos,Phantasy Star Portable 2,variant,0.900,2x,OpenGL,Playable with frameskip of 1 (close to full speed),2,0,,0,True,0,,111,1,False,,,Playability=Frameskip1,"Lazy textures, frameskip on auto can help sometimes but isnt neccesary"
ULJM95001,Initial D: Street Stage,Japan,Demos,Initial D: Street Stage,exact,2.000,1x,OpenGL,Runs at close to or full speed without frameskip,1,0,,0,True,0,,111,0,False,,,Playability=NoFrameskip,
ULJM95004,Tales of the World: Radiant Mythology,Japan,Games,Tales of The World: Radiant Mythology,exact,2.000,3x,OpenGL,Runs at close to or full speed without frameskip,3,0,,0,True,0,,111,0,False,,,Playability=NoFrameskip,
ULJS00048,Tekken: Dark Resurrection,"Japan, Asia",Games,Tekken: Dark Resurrection,exact,2.000,1x,OpenGL,Runs at close to or full speed without frameskip,1,0,,0,True,0,,111,0,False,,,Playability=NoFrameskip,
ULJS00049,Dragon Ball Z: Shin Budokai,Japan,Games,Dragon Ball Z: Shin Budokai,exact,2.000,2x,OpenGL,Runs at close to or full speed without frameskip,2,0,,0,True,0,,111,0,False,,,Playability=NoFrameskip,
ULJS00079,Tales of Phantasia: Full Voice Edition,Japan,Games,Tales of Phantasia,variant,0.700,2x,OpenGL,Runs at close to or full speed without frameskip,2,0,,0,True,0,,111,0,False,,,Playability=NoFrameskip,
ULJS00086,Ace Combat X: Skies of Deception,"Japan, Asia",Games,Ace Combat X: Skies of Deception,exact,2.000,2x,Vulkan,Runs at close to or full speed without frameskip,2,3,,0,True,0,,111,0,False,,,Playability=NoFrameskip,
ULJS00093,Tales of the World: Radiant Mythology,Japan,Games,Tales of The World: Radiant Mythology,exact,2.000,3x,OpenGL,Runs at close to or full speed without frameskip,3,0,,0,True,0,,111,0,False,,,Playability=NoFrameskip,
ULJS00175,Tales of the World: Radiant Mythology 2,Japan,Games,Tales of The World: Radiant Mythology 2,exact,2.000,2x,OpenGL,Runs at close to or full speed without frameskip,2,0,,0,True,0,,111,0,False,,,Playability=NoFrameskip,Can push 3x with frameskip
ULJS00180,Midnight Club: L.A. Remix,Japan,Games,Midnight Club: L.A. Remix,exact,2.000,1x,Vulkan,Unknown,1,3,,0,True,0,,111,,,,,,
ULJS00266,Dot Hack Link,Japan,Games,.hack//Link,variant,0.833,2x,OpenGL,Runs at close to or full speed without frameskip,2,0,,16,True,0,,111,0,False,,,AnisotropyLevel=16;Playability=NoFrameskip,16x AF
ULJS00279,Dot Hack Link,Japan,Games,.hack//Link,variant,0.833,2x,OpenGL,Runs at close to or full speed without frameskip,2,0,,16,True,0,,111,0,False,,,AnisotropyLevel=16;Playability=NoFrameskip,16x AF
ULJS00293,Tales of Phantasia: Narikiri Dungeon X,Japan,Games,Tales of Phantasia: Nakiri Dungeon X,partial,0.800,2x,OpenGL,Runs at close to or full speed without frameskip,2,0,,0,True,0,,111,0,False,,,Playability=NoFrameskip,
ULJS00311,Dragon Ball Tag VS,Japan,Games,Dragon Ball Z: Tenkaichi Tag Team,superset,0.750,1x,OpenGL,Playable with frameskip of 1 (close to full speed),1,0,,0,True,0,,111,1,False,,,Playability=Frameskip1,Frameskip set to 1 nearly full speed
ULJS00331,Kamen Rider: Climax Heroes OOO,Japan,Games,Kamen Rider: Super Climax Heroes,partial,0.800,3x,OpenGL,Runs at close to or full speed without frameskip,3,0,,0,True,0,,222,0,False,,,CPUSpeed=222;Playability=NoFrameskip,222MHz CPU clock
ULJS00394,Grand Knights History,Japan,Games,Grand Knights History,exact,2.000,2x,OpenGL,Playable with frameskip of 1 (close to full speed),2,0,,0,True,0,,111,1,False,,,Playability=Frameskip1,Smoother with autoframeskip set to 1
ULJS00541,Digimon Adventure,Japan,Games,Digimon Adventure,exact,2.000,1x,OpenGL,Unknown,1,0,,0,True,0,,111,,,,,,
ULJS00549,Kamen Rider: Super Climax Heroes,Japan,Games,Kamen Rider: Super Climax Heroes,exact,2.000,3x,OpenGL,Runs at close to or full speed without frameskip,3,0,,0,True,0,,222,0,False,,,CPUSpeed=222;Playability=NoFrameskip,222MHz CPU clock
ULJS00557,Sword Art Online: Infinity Moment,Japan,Games,Sword Art Online infinity Moment,exact,2.000,1x,OpenGL,Runs at close to or full speed without frameskip,1,0,,0,True,0,,111,0,False,,,Playability=NoFrameskip,
ULJS00558,Sword Art Online: Infinity Moment,Japan,Games,Sword Art Online infinity Moment,exact,2.000,1x,OpenGL,Runs at close to or full speed without frameskip,1,0,,0,True,0,,111,0,False,,,Playability=NoFrameskip,
ULJS19016,Tales of Phantasia: Full Voice Edition,Japan,Games,Tales of Phantasia,variant,0.700,2x,OpenGL,Runs at close to or full speed without frameskip,2,0,,0,True,0,,111,0,False,,,Playability=NoFrameskip,
ULJS19018,Ace Combat X: Skies of Deception,Japan,Games,Ace Combat X: Skies of Deception,exact,2.000,2x,Vulkan,Runs at close to or full speed without frameskip,2,3,,0,True,0,,111,0,False,,,Playability=NoFrameskip,
ULJS19019,Tales of the World: Radiant Mythology,Japan,Games,Tales of The World: Radiant Mythology,exact,2.000,3x,OpenGL,Runs at close to or full speed without frameskip,3,0,,0,True,0,,111,0,False,,,Playability=NoFrameskip,
ULJS19044,Tales of the World: Radiant Mythology 2,Japan,Games,Tales of The World: Radiant Mythology 2,exact,2.000,2x,OpenGL,Runs at close to or full speed without frameskip,2,0,,0,True,0,,111,0,False,,,Playability=NoFrameskip,Can push 3x with frameskip
ULJS19054,Tekken 6,Japan,Games,Tekken 6,exact,2.000,SBE,Vulkan,Playable with frameskip of 1 (close to full speed),,3,True,0,True,0,,111,1,False,,,FrameSkip=1;Playability=Frameskip1,Frameskip = 1
ULJS19057,Ace Combat X2: Joint Assault,Japan,Games,Ace Combat: Joint Assault,variant,0.900,2x,OpenGL,Runs at close to or full speed without frameskip,2,0,,0,True,0,,111,0,False,,,Playability=NoFrameskip,
ULJS19058,Dot Hack Link,Japan,Games,.hack//Link,variant,0.833,2x,OpenGL,Runs at close to or full speed without frameskip,2,0,,16,True,0,,111,0,False,,,AnisotropyLevel=16;Playability=NoFrameskip,16x AF
ULJS19067,Dragon Ball Tag VS,Japan,Games,Dragon Ball Z: Tenkaichi Tag Team,superset,0.750,1x,OpenGL,Playable with frameskip of 1 (close to full speed),1,0,,0,True,0,,111,1,False,,,Playability=Frameskip1,Frameskip set to 1 nearly full speed
ULKS46004,Need for Speed: Underground Rivals,Korea,Games,Need for Speed: Underground Rivals,exact,2.000,2x,OpenGL,Runs at close to or full speed without frameskip,2,0,,0,True,0,,111,0,False,,,Playability=NoFrameskip,
ULKS46015,Untold Legends: Brotherhood of the Blade,Korea,Games,Untold Legends Brotherhood of The Blade,exact,2.000,2x,OpenGL,Runs at close to or full speed without frameskip,2,0,,0,True,0,,111,0,False,,,Playability=NoFrameskip,
ULKS46017,Star Wars Battlefront: Renegade Squadron,Korea,Games,Star Wars Battlefront Renegade Squadron,exact,2.000,2x,OpenGL,Runs at close to or full speed without frameskip,2,0,,0,True,0,,111,0,False,,,Playability=NoFrameskip,
ULKS46023,Virtua Tennis: World Tour,Korea,Games,Virtua Tennis: World Tour,exact,2.000,3x,OpenGL,Playable with frameskip of 1 (close to full speed),3,0,,0,True,0,,111,1,False,,,FrameSkip=1;Playability=Frameskip1,"Frameskip = 1, constant 30fps"
ULKS46027,Burnout Legends,Korea,Games,Burnout Legends,exact,2.000,2x,OpenGL,Runs at close to or full speed without frameskip,2,0,,0,True,0,,111,0,False,,,Playability=NoFrameskip,Can push 3x resolution depending on the stage
ULKS46034,Need for Speed: Carbon: Own the City,Korea,Games,Need for Speed: Carbon: Own the City,exact,2.000,2x,OpenGL,Runs at close to or full speed without frameskip,2,0,,0,True,0,,111,0,False,,,Playability=NoFrameskip,
ULKS46071,Gitaroo Man Lives!,Korea,Games,Gitaroo Man Lives!,exact,2.000,3x,OpenGL,Runs at close to or full speed without frameskip,3,0,,0,True,0,,111,0,False,,,Playability=NoFrameskip,
ULKS46117,The Sims 2: Pets,Korea,Games,The Sims 2: Pets,exact,2.000,3x,OpenGL,Runs at close to or full speed without frameskip,3,0,,0,True,0,,111,0,False,,,Playability=NoFrameskip,Can stutter when loading in new areas
ULKS46136,Burnout Dominator,Korea,Games,Burnout Dominator,exact,2.000,1x,OpenGL,Runs at close to or full speed without frameskip,1,0,,0,True,0,,111,0,False,,,Playability=NoFrameskip,Can push 2x resolution most of the time
ULKS46155,Castlevania: The Dracula X Chronicles,Korea,Games,Castlevania: The Dracula X Chronicles,exact,2.000,3x,OpenGL,Runs at close to or full speed without frameskip,3,0,,0,True,0,,111,0,False,,,Playability=NoFrameskip,
ULKS46157,Grand Theft Auto: Liberty City Stories,Korea,Games,Grand Theft Auto: Liberty City Stories,exact,2.000,1x,OpenGL,Unknown,1,0,,0,True,0,,222,,,,,CPUSpeed=222,"On Opengl Performance launcher, autoframeskip at 1, lazy textures and emulated PSP CPU clock set to 222mhz"
ULKS46177,Monster Hunter Portable 2nd G,"Japan, Asia",Games,Monster Hunter Portable 2nd G,exact,2.000,3x,OpenGL,Runs at close to or full speed without frameskip,3,0,,0,True,0,,111,0,False,,,Playability=NoFrameskip,
ULKS46235,Tekken 6,Korea,Games,Tekken 6,exact,2.000,SBE,Vulkan,Playable with frameskip of 1 (close to full speed),,3,True,0,True,0,,111,1,False,,,FrameSkip=1;Playability=Frameskip1,Frameskip = 1
ULKS46239,Metal Gear Solid: Peace Walker,"Japan, Asia",Games,Metal Gear Solid: Peace Walker,exact,2.000,2x,OpenGL,Playable with frameskip of 1 (close to full speed),2,0,,0,True,0,,111,1,False,,,Playability=Frameskip1,"Some bossfights run at less than full speed (<20FPS), can run at 30FPS with cheats and 1x resolution"
ULKS46248,Dante's Inferno,Korea,Games,Dante's Inferno,exact,2.000,1x,OpenGL,Playable with frameskip of 1 (close to full speed),1,0,,0,True,0,,111,1,False,,,Playability=Frameskip1,2x lags at 80% speed. frameskip will have graphics glitch.
ULKS46264,Monster Hunter Portable 3rd,"Japan, Asia",Games,Monster Hunter Portable 3rd,exact,2.000,2x,OpenGL,Runs at close to or full speed without frameskip,2,0,,0,True,0,,111,0,False,,,Playability=NoFrameskip,
ULKS46268,Ultimate Ghosts'n Goblins,Korea,Games,Ultimate Ghosts'n Goblins,exact,2.000,1x,OpenGL,Playable with frameskip of 1 (close to full speed),1,0,,0,True,0,,111,1,False,,,Playability=Frameskip1,
ULUS10001,Ridge Racer,USA,Games,Ridge Racer,exact,2.000,SBE,OpenGL,Runs at close to or full speed without frameskip,,0,True,2,True,0,,111,0,False,0,2,"AnisotropyLevel=2;TexScalingType=0,TexScalingLevel=2;SkipBufferEffects=True;Playability=NoFrameskip","Skip buffer effects, 2x xBRZ texture upscaling + 2x AF. Slightly grey overlay when using nitrous"
ULUS10002,Lumines: Puzzle Fusion,USA,Games,Lumines: Puzzle Fusion,exact,2.000,3x,OpenGL,Runs at close to or full speed without frameskip,3,0,,0,True,0,,111,0,False,,,Playability=NoFrameskip,
ULUS10003,Untold Legends: Brotherhood of the Blade,USA,Games,Untold Legends Brotherhood of The Blade,exact,2.000,2x,OpenGL,Runs at close to or full speed without frameskip,2,0,,0,True,0,,111,0,False,,,Playability=NoFrameskip,
ULUS10004,Dynasty Warriors,USA,Games,Dynasty Warriors Strikeforce,superset,0.833,2x,OpenGL,Runs at close to or full speed without frameskip,2,0,,0,True,0,,111,0,False,,,Playability=NoFrameskip,
ULUS10007,Need for Speed: Underground Rivals,USA,Games,Need for Speed: Underground Rivals,exact,2.000,2x,OpenGL,Runs at close to or full speed without frameskip,2,0,,0,True,0,,111,0,False,,,Playability=NoFrameskip,
ULUS10008,NFL Street 2: Unleashed,USA,Games,NFL Street 2,variant,0.875,2x,OpenGL,Runs at close to or full speed without frameskip,2,0,,0,True,0,,111,0,False,,,Playability=NoFrameskip,
ULUS10015,Spider-Man 2,USA,Games,Spider-Man 2,exact,2.000,2x,OpenGL,Runs at close to or full speed without frameskip,2,0,,0,True,0,,111,0,False,,,Playability=NoFrameskip,
ULUS10019,Coded Arms,USA,Games,Coded Arms,exact,2.000,2x,OpenGL,Runs at close to or full speed without frameskip,2,0,,4,True,0,,166,0,False,0,2,"AnisotropyLevel=4;TexScalingType=0,TexScalingLevel=2;CPUSpeed=166;Playability=NoFrameskip","CPU clock set to 166MHz, 30fps cheat enabled. 2x xBRZ texture upscaling + 4x AF"
ULUS10021,Midnight Club 3: DUB Edition,USA,Games,Midnight Club 3: Dub Edition,exact,2.000,1x,Vulkan,Playable with frameskip of 1 (close to full speed),1,3,,0,True,0,,111,1,False,,,FrameSkip=1;Playability=Frameskip1,Frameskip = 1
ULUS10022,The Legend of Heroes: A Tear of Vermillion,USA,Games,The legend of Heroes: A Tear of Vermillion,exact,2.000,3x,OpenGL,Runs at close to or full speed without frameskip,3,0,,0,True,0,,111,0,False,,,Playability=NoFrameskip,
ULUS10025,Burnout Legends,USA,Games,Burnout Legends,exact,2.000,2x,OpenGL,Runs at close to or full speed without frameskip,2,0,,0,True,0,,111,0,False,,,Playability=NoFrameskip,Can push 3x resolution depending on the stage
ULUS10031,The Sims 2,USA,Games,The Sims 2,exact,2.000,3x,OpenGL,Playable with frameskip of 1 (close to full speed),3,0,,0,True,0,,111,1,False,,,FrameSkip=1;Playability=Frameskip1,"Auto frameskip = 1, very stable gameplay. PSP clock set to Auto"
ULUS10032,Harry Potter and the Goblet of Fire,USA,Games,Harry Potter and the Goblet of Fire,exact,2.000,2x,OpenGL,Runs at close to or full speed without frameskip,2,0,,0,True,0,,111,0,False,,,Playability=NoFrameskip,
ULUS10036,Need for Speed: Most Wanted: 5-1-0,USA,Games,Need for Speed: Most Wanted 5-1-0,exact,2.000,2x,OpenGL,Runs at close to or full speed without frameskip,2,0,,0,True,0,,111,0,False,,,Playability=NoFrameskip,
ULUS10037,Virtua Tennis: World Tour,USA,Games,Virtua Tennis: World Tour,exact,2.000,3x,OpenGL,Playable with frameskip of 1 (close to full speed),3,0,,0,True,0,,111,1,False,,,FrameSkip=1;Playability=Frameskip1,"Frameskip = 1, constant 30fps"
ULUS10041,Grand Theft Auto: Liberty City Stories,USA,Games,Grand Theft Auto: Liberty City Stories,exact,2.000,1x,OpenGL,Unknown,1,0,,0,True,0,,222,,,,,CPUSpeed=222,"On Opengl Performance launcher, autoframeskip at 1, lazy textures and emulated PSP CPU clock set to 222mhz"
ULUS10055,Pac-Man World 3,USA,Games,Pac-Man World 3,exact,2.000,2x,OpenGL,Runs at close to or full speed without frameskip,2,0,,0,True,0,,111,0,False,,,Playability=NoFrameskip,
ULUS10058,Stealth + WipEout Pure,USA,Demos,WipEout Pure,variant,0.833,1x,Vulkan,Playable with frameskip of 1 (close to full speed),1,3,,0,True,0,,111,1,False,,,FrameSkip=1;Playability=Frameskip1,Frameskip = 1
ULUS10062,Street Fighter Alpha 3 Max,USA,Games,Street Fighter Alpha 3 Max,exact,2.000,1x,OpenGL,Runs at close to or full speed without frameskip,1,0,,0,True,0,True,83,0,False,,,SkipGPUReadbacks=True;CPUSpeed=83;Playability=NoFrameskip,"83MHz underclock, force real clock sync, skip GPU readbacks, 30fps cheat enabled (fixes slowdown during cutscenes). Can get as slow as 10fps in some areas, don't count on it"
ULUS10064,OutRun 2006: Coast 2 Coast,USA,Games,OutRun 2006: Coast 2 Coast,exact,2.000,2x,Vulkan,Playable with frameskip of 1 (close to full speed),2,3,,0,True,0,True,333,1,False,,,SkipGPUReadbacks=True;FrameSkip=1;CPUSpeed=333;Playability=Frameskip1,"333MHz PSP clock, frameskip 1, skip GPU readbacks, force real clock sync, aggressively lower effects resolution"
ULUS10067,FIFA Street 2,USA,Games,FIFA Street 2,exact,2.000,3x,OpenGL,Runs at close to or full speed without frameskip,3,0,,0,True,0,,111,0,False,,,Playability=NoFrameskip,
ULUS10068,Mega Man: Maverick Hunter X,USA,Games,Mega Man Maverick Hunter X,exact,2.000,3x,OpenGL,Runs at close to or full speed without frameskip,3,0,,0,True,0,,111,0,False,,,Playability=NoFrameskip,
ULUS10080,007: From Russia with Love,USA,Games,007: From Russia with Love,exact,2.000,2x,OpenGL,Runs at close to or full speed without frameskip,2,0,,0,True,0,True,111,0,False,,,SkipGPUReadbacks=True;TextureBackoffCache=True;SplineBezierQuality=0;Playability=NoFrameskip,Runs at constant 60fps.  use power profile. Skip GPU Readbacks  Lazy texture caching and Spline low.
ULUS10081,Dragon Ball Z: Shin Budokai,USA,Games,Dragon Ball Z: Shin Budokai,exact,2.000,2x,OpenGL,Runs at close to or full speed without frameskip,2,0,,0,True,0,,111,0,False,,,Playability=NoFrameskip,
ULUS10084,Monster Hunter Freedom,USA,Games,Monster Hunter Freedom,exact,2.000,3x,OpenGL,Runs at close to or full speed without frameskip,3,0,,0,True,0,,111,0,False,,,Playability=NoFrameskip,
ULUS10087,Viewtiful Joe: Red Hot Rumble,USA,Games,Viewtiful Joe: Red Hot Rumble,exact,2.000,2x,OpenGL,Runs at close to or full speed without frameskip,2,0,,0,True,0,,111,0,False,,,Playability=NoFrameskip,
ULUS10092,Nickelodeon SpongeBob SquarePants: The Yellow Avenger,USA,Games,Nickelodeon SpongeBob SquarePants: The Yellow Avenger,exact,2.000,1x,OpenGL,Game crashes or is unplayable with frameskip (i.e. less than 70% speed with frameskip of 1),1,0,,0,True,0,,111,2,False,,,FrameSkip=2;Playability=Frameskip1,"90% speed with frameskip 2, Vulkan has better performance (~75% speed without frameskip) but rendering breaks with frameskip. Don't bother, just play the NDS version if you absolutely must"
ULUS10094,Me & My Katamari,USA,Games,Me and My Katamari,partial,1.000,2x,OpenGL,Runs at close to or full speed without frameskip,2,0,,0,True,0,,111,0,False,,,Playability=NoFrameskip,
ULUS10100,Def Jam: Fight for NY: The Takeover,USA,Games,Def Jam Fight for NY The Takeover,exact,2.000,2x,OpenGL,Runs at close to or full speed without frameskip,2,0,,0,True,0,,111,0,False,,,Playability=NoFrameskip,
ULUS10105,Ultimate Ghosts'n Goblins,USA,Games,Ultimate Ghosts'n Goblins,exact,2.000,1x,OpenGL,Playable with frameskip of 1 (close to full speed),1,0,,0,True,0,,111,1,False,,,Playability=Frameskip1,
ULUS10109,Miami Vice: The Game,USA,Games,Miami Vice,variant,0.833,1x,OpenGL,Unknown,1,0,,0,True,0,,111,,,,,,Autoframeskip set to 1
ULUS10114,Need for Speed: Carbon: Own the City,USA,Games,Need for Speed: Carbon: Own the City,exact,2.000,2x,OpenGL,Runs at close to or full speed without frameskip,2,0,,0,True,0,,111,0,False,,,Playability=NoFrameskip,
ULUS10121,Bomberman,USA,Games,Bomberman,exact,2.000,3x,OpenGL,Runs at close to or full speed without frameskip,3,0,,0,True,0,,111,0,False,,,Playability=NoFrameskip,
ULUS10125,The Legend of Heroes II: Prophecy of the Moonlight Witch,USA,Games,The legend of Heroes 2: Prophecy of the Moonlight Witch,partial,0.833,3x,OpenGL,Runs at close to or full speed without frameskip,3,0,,0,True,0,,111,0,False,,,Playability=NoFrameskip,
ULUS10130,The Sims 2: Pets,USA,Games,The Sims 2: Pets,exact,2.000,3x,OpenGL,Runs at close to or full speed without frameskip,3,0,,0,True,0,,111,0,False,,,Playability=NoFrameskip,Can stutter when loading in new areas
ULUS10139,Tekken: Dark Resurrection,USA,Games,Tekken: Dark Resurrection,exact,2.000,1x,OpenGL,Runs at close to or full speed without frameskip,1,0,,0,True,0,,111,0,False,,,Playability=NoFrameskip,
ULUS10144,The Legend of Heroes III: Song of the Ocean,USA,Games,The legend of Heroes 3: Song of the Ocean,partial,0.800,3x,OpenGL,Runs at close to or full speed without frameskip,3,0,,0,True,0,,111,0,False,,,Playability=NoFrameskip,
ULUS10149,Pac-Man World Rally,USA,Games,Pac-Man World Rally,exact,2.000,3x,OpenGL,Runs at close to or full speed without frameskip,3,0,,0,True,0,,111,0,False,,,Playability=NoFrameskip,Can run at 30fps with cheats
ULUS10152,Open Season,USA,Games,Open Season,exact,2.000,1x,Vulkan,Game crashes or is unplayable with frameskip (i.e. less than 70% speed with frameskip of 1),1,3,,0,True,0,,111,1,False,,,Playability=Frameskip1,
ULUS10158,Gun Showdown,USA,Games,Gun Showdown,exact,2.000,2x,OpenGL,Runs at close to or full speed without frameskip,2,0,,0,True,0,,111,0,False,,,Playability=NoFrameskip,
ULUS10160,Grand Theft Auto: Vice City Stories,USA,Games,Grand Theft Auto: Vice City Stories,exact,2.000,1x,OpenGL,Runs at close to or full speed without frameskip,1,0,,0,True,0,,111,0,False,,,Playability=NoFrameskip,
ULUS10165,Nickelodeon Avatar: The Last Airbender,USA,Games,Nickelodeon Avatar: The Last Airbender,exact,2.000,2x,OpenGL,Runs at close to or full speed without frameskip,2,0,,4,True,0,,111,0,False,0,2,"AnisotropyLevel=4;TexScalingType=0,TexScalingLevel=2;Playability=NoFrameskip","2x xBRZ texture upscaling, 4x AF, 60fps cheat enabled. Can run at 3x resolution at 30fps"
ULUS10167,Marvel: Ultimate Alliance,USA,Games,Marvel: Ultimate Alliance,exact,2.000,2x,OpenGL,Runs at close to or full speed without frameskip,2,0,,0,True,0,,111,0,False,,,Playability=NoFrameskip,Autoframeskip set to 1
ULUS10176,Ace Combat X: Skies of Deception,USA,Games,Ace Combat X: Skies of Deception,exact,2.000,2x,Vulkan,Runs at close to or full speed without frameskip,2,3,,0,True,0,,111,0,False,,,Playability=NoFrameskip,
ULUS10177,Dungeon Siege: Throne of Agony,USA,Games,Dungeon Siege: Throne of Agony,exact,2.000,2x,OpenGL,Runs at close to or full speed without frameskip,2,0,,0,True,0,,111,0,False,,,Playability=NoFrameskip,
ULUS10184,Coded Arms: Contagion,USA,Games,Coded Arms,variant,0.833,2x,OpenGL,Runs at close to or full speed without frameskip,2,0,,4,True,0,,166,0,False,0,2,"AnisotropyLevel=4;TexScalingType=0,TexScalingLevel=2;CPUSpeed=166;Playability=NoFrameskip","CPU clock set to 166MHz, 30fps cheat enabled. 2x xBRZ texture upscaling + 4x AF"
ULUS10189,Snoopy vs. the Red Baron,USA,Games,Snoopy vs The Red Baron,exact,2.000,2x,OpenGL,Runs at close to or full speed without frameskip,2,0,,0,True,0,,111,0,False,,,Playability=NoFrameskip,
ULUS10195,Sonic Rivals,USA,Games,Sonic Rivals,exact,2.000,2x,Vulkan,Runs at close to or full speed without frameskip,2,3,,0,True,0,,111,0,False,,,Playability=NoFrameskip,
ULUS10197,Tony Hawk's Project 8,USA,Games,Tony Hawk's Project 8,exact,2.000,2x,OpenGL,Runs at close to or full speed without frameskip,2,0,,0,True,0,,111,0,False,,,Playability=NoFrameskip,Reset PSP clock speed to stabilise FPS. Can push 3x with Vulkan but with some graphical glitches and screen tearing
ULUS10207,Gitaroo Man Lives!,USA,Games,Gitaroo Man Lives!,exact,2.000,3x,OpenGL,Runs at close to or full speed without frameskip,3,0,,0,True,0,,111,0,False,,,Playability=NoFrameskip,
ULUS10213,The Warriors,USA,Games,The Warriors,exact,2.000,1x,OpenGL,Playable with frameskip of 1 (close to full speed),1,0,,0,True,0,,111,1,False,,,Playability=Frameskip1,
ULUS10214,Justice League Heroes,USA,Games,Justice League Heroes,exact,2.000,2x,OpenGL,Playable with frameskip of 1 (close to full speed),2,0,,0,True,0,,111,1,False,,,Playability=Frameskip1,
ULUS10218,Call of Duty: Roads to Victory,USA,Games,Call of Duty: Roads to Victory,exact,2.000,2x,OpenGL,Playable with frameskip of 1 (close to full speed),2,0,,0,True,0,,333,1,False,,,CPUSpeed=333;Playability=Frameskip1,Emulated PSP clock speed 333MHz. Runs at 30fps with slowdowns in more intense scenes
ULUS10219,Innocent Life: A Futuristic Harvest Moon,USA,Games,Innocent Life:A futuristic Harvest Moon,exact,2.000,2x,OpenGL,Runs at close to or full speed without frameskip,2,0,,0,True,0,,111,0,False,,,Playability=NoFrameskip,
ULUS10234,Dragon Ball Z: Shin Budokai: Another Road,USA,Games,Dragon Ball Z: Shin Budokai: Another Road,exact,2.000,2x,OpenGL,Runs at close to or full speed without frameskip,2,0,,0,True,0,,111,0,False,,,Playability=NoFrameskip,
ULUS10236,Burnout Dominator,USA,Games,Burnout Dominator,exact,2.000,1x,OpenGL,Runs at close to or full speed without frameskip,1,0,,0,True,0,,111,0,False,,,Playability=NoFrameskip,Can push 2x resolution most of the time
ULUS10249,Test Drive Unlimited,USA,Games,Test Drive Unlimited,exact,2.000,3x,OpenGL,Runs at close to or full speed without frameskip,3,0,,0,True,0,,111,0,False,,,Playability=NoFrameskip,"Enable ""Performance/Rendering Resolution fix"" cheat. Can increase the framerate to 30fps, may need to decrease resolution to 2x to weed out any framedips"
ULUS10271,Tales of the World: Radiant Mythology,USA,Games,Tales of The World: Radiant Mythology,exact,2.000,3x,OpenGL,Runs at close to or full speed without frameskip,3,0,,0,True,0,,111,0,False,,,Playability=NoFrameskip,
ULUS10277,Castlevania: The Dracula X Chronicles,USA,Games,Castlevania: The Dracula X Chronicles,exact,2.000,3x,OpenGL,Runs at close to or full speed without frameskip,3,0,,0,True,0,,111,0,False,,,Playability=NoFrameskip,
ULUS10292,Star Wars Battlefront: Renegade Squadron,USA,Games,Star Wars Battlefront Renegade Squadron,exact,2.000,2x,OpenGL,Runs at close to or full speed without frameskip,2,0,,0,True,0,,111,0,False,,,Playability=NoFrameskip,
ULUS10296,The Sims 2: Castaway,USA,Games,The Sims 2,variant,0.833,3x,OpenGL,Playable with frameskip of 1 (close to full speed),3,0,,0,True,0,,111,1,False,,,FrameSkip=1;Playability=Frameskip1,"Auto frameskip = 1, very stable gameplay. PSP clock set to Auto"
ULUS10297,Final Fantasy Tactics: The War of the Lions,USA,Games,Final Fantasy Tactics: The War of the Lions,exact,2.000,3x,OpenGL,Runs at close to or full speed without frameskip,3,0,,0,True,0,,111,0,False,,,Playability=NoFrameskip,3x can still do speed up to ~150% speed if you want to use fast forward.
ULUS10304,Crash of the Titans,USA,Games,Crash of the Titans,exact,2.000,SBE,OpenGL,Playable with frameskip of 1 (close to full speed),,0,True,0,True,0,,111,1,False,,,CPUSpeed=111;Playability=Frameskip1,111MHz system clock.
ULUS10307,Ben 10: Protector of Earth,USA,Games,Ben 10 Protector of Earth,exact,2.000,2x,OpenGL,Runs at close to or full speed without frameskip,2,0,,0,True,0,,111,0,False,,,Playability=NoFrameskip,
ULUS10308,Disgaea: Afternoon of Darkness,USA,Games,Disgaea: Afternoon of Darkness,exact,2.000,2x,OpenGL,Runs at close to or full speed without frameskip,2,0,,0,True,0,,111,0,False,,,Playability=NoFrameskip,
ULUS10310,Medal of Honor: Heroes 2,USA,Games,Medal of Honor Heroes 2,exact,2.000,2x,OpenGL,Playable with frameskip of 1 (close to full speed),2,0,,0,True,0,,111,1,False,,,Playability=Frameskip1,
ULUS10312,Juiced 2: Hot Import Nights,USA,Games,Juiced 2 - Hot Import Nights,exact,2.000,1x,OpenGL,Playable with frameskip of 1 (close to full speed),1,0,,0,True,0,,111,1,False,,,Playability=Frameskip1,"Runs at near-constant 30fps, use AutoSkip to smoothen the gameplay.  Use Power profile."
ULUS10317,Spider-Man 3,USA,Games,Spider-Man 3,exact,2.000,1x,OpenGL,Unknown,1,0,,0,True,0,,111,,,,,,
ULUS10323,Sonic Rivals 2,USA,Games,Sonic Rivals 2,exact,2.000,1x,OpenGL,Runs at close to or full speed without frameskip,1,0,,0,True,0,,111,0,False,,,Playability=NoFrameskip,
ULUS10336,Crisis Core: Final Fantasy VII,USA,Games,Crisis Core: Final Fantasy VII,exact,2.000,3x,OpenGL,Runs at close to or full speed without frameskip,3,0,,0,True,0,,111,0,False,,,Playability=NoFrameskip,
ULUS10345,Star Wars: The Force Unleashed,USA,Games,Star Wars: The Force Unleashed,exact,2.000,1x,Vulkan,Unknown,1,3,,0,True,0,,111,,,,,,
ULUS10365,LEGO Indiana Jones: The Original Adventures,USA,Games,LEGO Indiana Jones: The Original Adventures,exact,2.000,2x,OpenGL,Unknown,2,0,,0,True,0,True,111,,,,,SkipGPUReadbacks=True,"Performance launcher, Skip GPU readbacks, Lazy textures, linear filtering, low res for effects on agressive, frameskip auto set on 1,playable, you can set to 1x for full speed"
ULUS10377,Crash: Mind over Mutant,USA,Games,Crash: Mind over Mutant,exact,2.000,2x,OpenGL,Playable with frameskip of 1 (close to full speed),2,0,,0,True,0,,111,1,False,,,CPUSpeed=111;Playability=Frameskip1,"Lower effects resolution set to aggressive. underclock to 111MHz. Very playable, rarely drops below 90-95% speed"
ULUS10380,LEGO Batman: The Videogame,USA,Games,LEGO Batman: The Videogame,exact,2.000,2x,OpenGL,Unknown,2,0,,0,True,0,True,111,,,,,SkipGPUReadbacks=True,"Performance launcher, Skip GPU readbacks, Lazy textures, linear filtering, low res for effects on agressive, frameskip auto set on 1,playable, you can set to 1x for full speed"
ULUS10383,Midnight Club: L.A. Remix,USA,Games,Midnight Club: L.A. Remix,exact,2.000,1x,Vulkan,Unknown,1,3,,0,True,0,,111,,,,,,
ULUS10390,Star Wars Battlefront: Elite Squadron,USA,Games,Star Wars Battlefront Elite Squadron,exact,2.000,2x,OpenGL,Runs at close to or full speed without frameskip,2,0,,0,True,0,,111,0,False,,,Playability=NoFrameskip,
ULUS10391,Monster Hunter Freedom Unite,USA,Games,Monster Hunter Freedom Unite,exact,2.000,3x,OpenGL,Runs at close to or full speed without frameskip,3,0,,0,True,0,,111,0,False,,,Playability=NoFrameskip,
ULUS10400,Crimson Gem Saga,USA,Games,Crimson Gem Saga,exact,2.000,2x,OpenGL,Runs at close to or full speed without frameskip,2,0,,2,True,0,,111,0,False,,,AnisotropyLevel=2;Playability=NoFrameskip,2x AF
ULUS10407,Prinny: Can I Really Be the Hero?,USA,Games,Prinny: Can i Really be The Heroe,partial,0.833,2x,OpenGL,Runs at close to or full speed without frameskip,2,0,,0,True,0,,111,0,False,,,Playability=NoFrameskip,
ULUS10408,Mana Khemia: Student Alliance,USA,Games,Mana Khemia: A Student Alliance,partial,1.000,2x,OpenGL,Runs at close to or full speed without frameskip,2,0,,0,True,0,,111,0,False,,,Playability=NoFrameskip,
ULUS10409,Guilty Gear XX Accent Core Plus,USA,Games,Guilty Gear XX Accent Core Plus,exact,2.000,1x,OpenGL,Playable with frameskip of 1 (close to full speed),1,0,,0,True,0,,111,1,False,,,Playability=Frameskip1,
ULUS10416,Dynasty Warriors: Strikeforce,USA,Games,Dynasty Warriors Strikeforce,exact,2.000,2x,OpenGL,Runs at close to or full speed without frameskip,2,0,,0,True,0,,111,0,False,,,Playability=NoFrameskip,
ULUS10421,Marvel: Ultimate Alliance 2,USA,Games,Marvel: Ultimate Alliance 2,exact,2.000,1x,OpenGL,Game crashes or is unplayable with frameskip (i.e. less than 70% speed with frameskip of 1),1,0,,0,True,0,,111,1,False,,,Playability=Frameskip1,
ULUS10432,Shin Megami Tensei: Persona,USA,Games,Shin Megami Tensei: Persona,exact,2.000,2x,OpenGL,Runs at close to or full speed without frameskip,2,0,,2,True,0,,111,0,False,,,AnisotropyLevel=2;Playability=NoFrameskip,2x AF
ULUS10461,Disgaea 2: Dark Hero Days,USA,Games,Disgaea 2: Dark Hero Days,exact,2.000,2x,OpenGL,Runs at close to or full speed without frameskip,2,0,,0,True,0,,111,0,False,,,Playability=NoFrameskip,
ULUS10466,Tekken 6,USA,Games,Tekken 6,exact,2.000,SBE,Vulkan,Playable with frameskip of 1 (close to full speed),,3,True,0,True,0,,111,1,False,,,FrameSkip=1;Playability=Frameskip1,Frameskip = 1
ULUS10469,Dante's Inferno,USA,Games,Dante's Inferno,exact,2.000,1x,OpenGL,Playable with frameskip of 1 (close to full speed),1,0,,0,True,0,,111,1,False,,,Playability=Frameskip1,2x lags at 80% speed. frameskip will have graphics glitch.
ULUS10476,IL-2 Sturmovik: Birds of Prey,USA,Games,IL-2 Sturmovik: Birds of Prey,exact,2.000,SBE,Vulkan,Runs at close to or full speed without frameskip,,3,True,0,True,0,,111,0,False,,,Playability=NoFrameskip,Force real clock sync. Some tearing may occur during cutscenes
ULUS10490,Grand Theft Auto: Chinatown Wars,USA,Games,Grand Theft Auto: Chinatown Wars,exact,2.000,2x,OpenGL,Runs at close to or full speed without frameskip,2,0,,0,True,0,,111,0,False,,,Playability=NoFrameskip,
ULUS10495,Metal Slug XX,USA,Games,Metal Slug XX,exact,2.000,3x,OpenGL,Runs at close to or full speed without frameskip,3,0,,0,True,0,,111,0,False,,,Playability=NoFrameskip,
ULUS10505,Kingdom Hearts: Birth by Sleep,USA,Games,Kingdom Hearts: Birth By Sleep,exact,2.000,2x,OpenGL,Playable with frameskip of 1 (close to full speed),2,0,,0,True,0,,111,1,False,,,Playability=Frameskip1,
ULUS10506,Hexyz Force,USA,Games,Hexyz Force,exact,2.000,2x,OpenGL,Runs at close to or full speed without frameskip,2,0,,2,True,0,,111,0,False,,,AnisotropyLevel=2;Playability=NoFrameskip,2x AF
ULUS10509,Metal Gear Solid: Peace Walker,USA,Games,Metal Gear Solid: Peace Walker,exact,2.000,2x,OpenGL,Playable with frameskip of 1 (close to full speed),2,0,,0,True,0,,111,1,False,,,Playability=Frameskip1,"Some bossfights run at less than full speed (<20FPS), can run at 30FPS with cheats and 1x resolution"
ULUS10511,Ace Combat: Joint Assault,USA,Games,Ace Combat: Joint Assault,exact,2.000,2x,OpenGL,Runs at close to or full speed without frameskip,2,0,,0,True,0,,111,0,False,,,Playability=NoFrameskip,
ULUS10512,Shin Megami Tensei: Persona 3 Portable,USA,Games,Shin Megami Tensei: Persona 3 Portable,exact,2.000,3x,OpenGL,Runs at close to or full speed without frameskip,3,0,,0,True,0,,111,0,False,,,Playability=NoFrameskip,
ULUS10515,Valkyria Chronicles II,USA,Games,Valkyria Chronicles II,exact,2.000,2x,OpenGL,Runs at close to or full speed without frameskip,2,0,,0,True,0,,111,0,False,,,Playability=NoFrameskip,
ULUS10522,Disgaea Infinite,USA,Games,Disgaea Infinite,exact,2.000,2x,OpenGL,Runs at close to or full speed without frameskip,2,0,,2,True,0,,111,0,False,,,AnisotropyLevel=2;Playability=NoFrameskip,2x AF
ULUS10528,Gladiator Begins,USA,Games,Gladiator Begins,exact,2.000,2x,OpenGL,Playable with frameskip of 1 (close to full speed),2,0,,0,True,0,,111,1,False,,,Playability=Frameskip1,with auto frameskip box checked but set to Off runs at full speed no drops
ULUS10529,Phantasy Star Portable 2,USA,Games,Phantasy Star Portable 2,exact,2.000,2x,OpenGL,Playable with frameskip of 1 (close to full speed),2,0,,0,True,0,,111,1,False,,,Playability=Frameskip1,"Lazy textures, frameskip on auto can help sometimes but isnt neccesary"
ULUS10537,Dragon Ball Z: Tenkaichi Tag Team,USA,Games,Dragon Ball Z: Tenkaichi Tag Team,exact,2.000,1x,OpenGL,Playable with frameskip of 1 (close to full speed),1,0,,0,True,0,,111,1,False,,,Playability=Frameskip1,Frameskip set to 1 nearly full speed
ULUS10560,Final Fantasy IV: The Complete Collection,USA,Games,Final Fantasy IV The Complete Edition,partial,0.800,2x,OpenGL,Playable with frameskip of 1 (close to full speed),2,0,,0,True,0,,111,1,False,,,Playability=Frameskip1,Autoframeskip and lazy textures for some reason it has some hiccups here and there without them
ULUS10561,"Prinny 2: Dawn of Operation Panties, Dood!",USA,Games,"Prinny 2: Dawn of Operation Pantied, Dood!",partial,0.833,2x,OpenGL,Runs at close to or full speed without frameskip,2,0,,0,True,0,,111,0,False,,,Playability=NoFrameskip,
ULUS10563,Gods Eater Burst,USA,Games,Gods Eater Burst,exact,2.000,2x,Vulkan,Runs at close to or full speed without frameskip,2,3,,0,True,0,,111,0,False,,,Playability=NoFrameskip,
ULUS10565,Tactics Ogre: Let Us Cling Together,USA,Games,Tactics Ogre: Let us Cling Together,exact,2.000,2x,OpenGL,Playable with frameskip of 1 (close to full speed),2,0,,0,True,0,,111,1,False,,,Playability=Frameskip1,
ULUS10567,The 3rd Birthday,USA,Games,The 3rd Birthday,exact,2.000,2x,OpenGL,Runs at close to or full speed without frameskip,2,0,,2,True,0,,111,0,False,,,AnisotropyLevel=2;Playability=NoFrameskip,2x AF
ULUS10572,Phantom Brave: The Hermuda Triangle,USA,Games,Phantom Brave The Hermuda Triangle,exact,2.000,3x,OpenGL,Runs at close to or full speed without frameskip,3,0,,0,True,0,,111,0,False,,,Playability=NoFrameskip,
ULUS10584,Shin Megami Tensei: Persona 2: Innocent Sin,USA,Games,Shin Megami Tensei: Persona 2: Innocent Sin,exact,2.000,2x,OpenGL,Runs at close to or full speed without frameskip,2,0,,2,True,0,,111,0,False,,,AnisotropyLevel=2;Playability=NoFrameskip,2x AF
ULUS17008,Monster Hunter Freedom Unite,USA,Games,Monster Hunter Freedom Unite,exact,2.000,3x,OpenGL,Runs at close to or full speed without frameskip,3,0,,0,True,0,,111,0,False,,,Playability=NoFrameskip,
ULUS80022,Shin Megami Tensei: Persona 3 Portable,USA,Demos,Shin Megami Tensei: Persona 3 Portable,exact,2.000,3x,OpenGL,Runs at close to or full speed without frameskip,3,0,,0,True,0,,111,0,False,,,Playability=NoFrameskip,
ULUS90003,Monster Hunter Freedom Unite,USA,Demos,Monster Hunter Freedom Unite,exact,2.000,3x,OpenGL,Runs at close to or full speed without frameskip,3,0,,0,True,0,,111,0,False,,,Playability=NoFrameskip,
UMDS10059,Stealth + WipEout Pure,Europe,Demos,WipEout Pure,variant,0.833,1x,Vulkan,Playable with frameskip of 1 (close to full speed),1,3,,0,True,0,,111,1,False,,,FrameSkip=1;Playability=Frameskip1,Frameskip = 1
UTST99100,WipEout Pure,Japan,Preproduction,WipEout Pure,exact,2.000,1x,Vulkan,Playable with frameskip of 1 (close to full speed),1,3,,0,True,0,,111,1,False,,,FrameSkip=1;Playability=Frameskip1,Frameskip = 1
