title_id,title,region,category
ULUS-10020,Ghost in the Shell: Stand Alone Complex,USA,Games
UCES-00001,WipEout Pure,Europe,Games
ULES-00507,Open Season,Europe,Games
ULES-00046,Untold Legends: Brotherhood of the Blade,Europe,Games
ULAS-42080,Need for Speed: Carbon: Own the City,Asia,Games
UCES-00015,Fired Up,"Europe, Australia",Games
UCES-00015/ANZ,Fired Up,"Europe, Australia",Games
UCES-00006,MediEvil: Resurrection,Europe,Games
ULUS-10002,Lumines: Puzzle Fusion,USA,Games
ULUS-10002GH,Lumines: Puzzle Fusion,USA,Games
UCES-00002,Ridge Racer,"Europe, Australia",Games
ULUS-10021,Midnight Club 3: DUB Edition,USA,Games
ULES-00754,Full Auto 2: Battlelines,Europe,Games
UCED-00499,Retail Sampler No. 3 for PSP,Europe,Demos
ULUS-10160GH,Grand Theft Auto: Vice City Stories,USA,Games
ULUS-10160,Grand Theft Auto: Vice City Stories,USA,Games
ULES-00151,Grand Theft Auto: Liberty City Stories,Europe,Games
ULES-00151#2,Grand Theft Auto: Liberty City Stories,Europe,Games
ULES-00151/P,Grand Theft Auto: Liberty City Stories,Europe,Games
ULUS-10086,Untold Legends: The Warrior's Code,USA,Games
ULES-00599,Star Wars: Lethal Alliance,Europe,Games
ULUS-10038,The Lord of the Rings: Tactics,USA,Games
ULES-00608,Brothers in Arms: D-Day,"Europe, Australia",Games
ULAS-42031,Need for Speed: Most Wanted: 5-1-0,Asia,Games
ULES-00376,Miami Vice: The Game,Russia,Games
ULAS-42085,The Sims 2: Pets,Asia,Games
ULES-00043,Lumines: Puzzle Fusion,Europe,Games
ULES-00225,Peter Jackson's King Kong: The Official Game of the Movie,Europe,Games
ULES-00281,Tom Clancy's Splinter Cell: Essentials,"Europe, Australia",Games
UCES-00019,Pursuit Force,Europe,Games
UCES-00019/9162315,Pursuit Force,Europe,Games
UCUS-98623,Kingdom of Paradise,USA,Games
ULAS-42003,NBA Street Showdown,Asia,Games
ULES-00502,Grand Theft Auto: Vice City Stories,Europe,Games
ULES-00502/P,Grand Theft Auto: Vice City Stories,Europe,Games
UCES-00279,Killzone: Liberation,Europe,Games
UCES-00279/P,Killzone: Liberation,Europe,Games
ULES-00553,Lumines II,Europe,Games
UCUS-98646,Killzone: Liberation,USA,Games
ULES-00284,Metal Gear Ac!d²,Europe,Games
ULES-00196,Need for Speed: Most Wanted: 5-1-0,Europe,Games
ULES-00576,Need for Speed: Carbon: Own the City,Europe,Games
ULES-00576/P,Need for Speed: Carbon: Own the City,Europe,Games
ULES-00283,Lara Croft Tomb Raider: Legend,Europe,Games
ULES-00283#,Lara Croft Tomb Raider: Legend,Europe,Games
UCES-00356,Tekken: Dark Resurrection,"Europe, Australia",Games
UCES-00356#,Tekken: Dark Resurrection,"Europe, Australia",Games
UCES-00356/ANZ#,Tekken: Dark Resurrection,"Europe, Australia",Games
UCES-00356/P,Tekken: Dark Resurrection,"Europe, Australia",Games
UCES-00238,Formula One 06,Europe,Games
ULES-00476,Pro Evolution Soccer 6,Europe,Games
ULES-00476/P,Pro Evolution Soccer 6,Europe,Games
ULES-00211,The Sims 2,Europe,Games
ULUS-10243,TMNT,USA,Games
ULES-00812,DreamWorks Shrek the Third,Europe,Games
ULUS-10184,Coded Arms: Contagion,USA,Games
ULES-00125#,Burnout Legends,Europe,Games
ULES-00183,Star Wars: Battlefront II,"Europe, Australia",Games
ULES-00183/P,Star Wars: Battlefront II,"Europe, Australia",Games
ULES-00748#,Disney · Pixar Ratatouille,Russia,Games
ULES-00927,SWAT: Target Liberty,Europe,Games
ULES-00869,Silent Hill Origins,Europe,Games
ULES-00823,Transformers: The Game,Europe,Games
ULAS-42090,Salamander Portable,"Japan, Asia",Games
ULJM-05219,Salamander Portable,"Japan, Asia",Games
ULJM-05007,Puyo Puyo Fever,Japan,Games
ULJM-05026,Star Soldier,Japan,Games
ULJM-05235,Star Soldier,Japan,Games
ULJS-19001,Armored Core: Formula Front International,Japan,Games
ULJM-91007,Blokus Club Portable with Bumpy Trot,Japan,Demos
ULJM-91004,Capcom Special Taikenban 3 in 1,Japan,Demos
ULJM-05039,Densha de Go! Pocket: Yamanotesen-hen,Japan,Games
ULJS-00002,Kotoba no Puzzle: Mojipittan Daijiten,Japan,Games
ULJS-19003,Kotoba no Puzzle: Mojipittan Daijiten,Japan,Games
ULJM-91011,Irem Taikenban Shuu 2007 Kaki Tokubetsugou,Japan,Demos
ULES-00899,Spider-Man: Friend or Foe,Europe,Games
ULES-00928,Juiced 2: Hot Import Nights,Europe,Games
ULES-00720,Puzzle Quest: Challenge of the Warlords,Europe,Games
UCAS-40207,Irregular Hunter X,"Japan, Asia",Games
ULAS-42036,Irregular Hunter X,"Japan, Asia",Games
ULJM-05043,Irregular Hunter X,"Japan, Asia",Games
ULJM-05226,Irregular Hunter X,"Japan, Asia",Games
UCAS-40166,Namco Museum,"Japan, Asia",Games
ULJS-00012,Namco Museum,"Japan, Asia",Games
ULJS-19006,Namco Museum,"Japan, Asia",Games
UCAS-40146,Final Fantasy,"Japan, Asia",Games
UCKS-45056,Final Fantasy,"Japan, Asia",Games
ULJM-05241,Final Fantasy,"Japan, Asia",Games
ULJM-05514,Final Fantasy,"Japan, Asia",Games
ULJM-05002,Mahjong Fight Club,Japan,Games
ULJM-08005,Mahjong Fight Club,Japan,Games
ULAS-42104,Harry Potter and the Order of the Phoenix,Asia,Games
ULJM-05058,Puyo Puyo Fever 2,Japan,Games
ULES-00873,"Warhammer 40,000: Squad Command",Europe,Games
ULAS-42044,Fight Night Round 3,Asia,Games
ULES-00850,Final Fantasy Tactics: The War of the Lions,Europe,Games
ULES-00851,Monster Hunter Freedom 2,Europe,Games
ULES-00891,FIFA 08,Europe,Games
ULES-00335,Field Commander,"Europe, Australia",Games
ULES-00022,Spider-Man 2,Europe,Games
ULES-00975,The Simpsons Game,Europe,Games
UCAS-40120,Ace Combat X: Skies of Deception,"Japan, Asia",Games
ULJS-00086,Ace Combat X: Skies of Deception,"Japan, Asia",Games
ULES-00168,Crash Tag Team Racing,Europe,Games
ULES-00168#2,Crash Tag Team Racing,Europe,Games
ULES-00168/E,Crash Tag Team Racing,Europe,Games
ULES-00168/P,Crash Tag Team Racing,Europe,Games
ULES-00542,Marvel: Ultimate Alliance,Europe,Games
ULUS-10251,Final Fantasy: 20th Anniversary Edition,USA,Games
ULUS-10047,World Series of Poker,USA,Games
ULUS-10102,Mortal Kombat: Unchained,USA,Games
ULUS-10107,Valkyrie Profile: Lenneth,USA,Games
ULES-00763,Virtua Tennis 3,Europe,Games
UCAS-40179,WipEout Pulse,Asia,Games
UCKS-45078,WipEout Pulse,Asia,Games
ULES-00955,Medal of Honor: Heroes 2,Europe,Games
ULES-00992,Beowulf: The Game,Europe,Games
UCAS-40175,Jet de Go! Pocket,Asia,Games
ULJM-05127,Dragon Quest & Final Fantasy in Itadaki Street Portable,Japan,Games
ULJM-05321,Dragon Quest & Final Fantasy in Itadaki Street Portable,Japan,Games
ULJM-05067,Kuru Kuru Chameleon,Japan,Games
ULJM-05091,Gradius Portable,Japan,Games
ULJM-05222,Gradius Portable,Japan,Games
UCAS-40164,Tekken: Dark Resurrection,"Japan, Asia",Games
ULJS-00048,Tekken: Dark Resurrection,"Japan, Asia",Games
ULJM-05182,NBA Live 06,Japan,Games
UCJS-10020,Piposaru Academia 2: Aiai Saruge Janken Battle,Japan,Games
UCJS-18009,Piposaru Academia 2: Aiai Saruge Janken Battle,Japan,Games
UCJS-10053,TalkMan-shiki Shabelingual Eikaiwa for Kids!,Japan,Educational
UCAS-40182,Xyanide: Resurrection,Asia,Games
ULES-00638,Hard Rock Casino,Europe,Games
ULJS-00119,Innocent Life: Shin Bokujou Monogatari,Japan,Games
ULJM-91001,Karakuri,Japan,Demos
ULJS-00114,Simple 2500 Series Portable!! Vol. 11: The Puzzle Quest: Agaria no Kishi,Japan,Games
ULAS-42008,Shin Sangoku Musou,"Japan, Asia",Games
ULJM-05003,Shin Sangoku Musou,"Japan, Asia",Games
ULJM-08008,Shin Sangoku Musou,"Japan, Asia",Games
ULJM-08017,Shin Sangoku Musou,"Japan, Asia",Games
ULJM-05174,Moegaku @ Portable,Japan,Games
ULJM-05314,Musou Orochi,"Japan, Korea",Games
ULKS-46174,Musou Orochi,"Japan, Korea",Games
ULES-00819,Worms: Open Warfare 2,Europe,Games
UCES-00694,Pursuit Force: Extreme Justice,Europe,Games
UCES-00694-#3,Pursuit Force: Extreme Justice,Europe,Games
UCAS-40176,Chronicle of Dungeon Maker,Asia,Games
UCAS-40134,Saru! Get You! Piposaru Racer,"Japan, Asia",Games
UCJS-18016,Saru! Get You! Piposaru Racer,"Japan, Asia",Games
ULJM-05066,Monster Hunter Portable,Japan,Games
ULJM-08010,Monster Hunter Portable,Japan,Games
ULJM-08014,Monster Hunter Portable,Japan,Games
ULUS-10041,Grand Theft Auto: Liberty City Stories,USA,Games
ULUS-10041GH,Grand Theft Auto: Liberty City Stories,USA,Games
ULJM-05228,Burnout Legends,Japan,Games
UCKS-45079,Makai Senki Disgaea Portable: Tsuushin Taisen Hajimemashita.,"Japan, Korea",Games
ULJS-00113,Makai Senki Disgaea Portable: Tsuushin Taisen Hajimemashita.,"Japan, Korea",Games
ULJM-05201,Kanji Trainer Portable,Japan,Games
UCES-00310,Syphon Filter: Dark Mirror,Europe,Games
UCES-00310/UK,Syphon Filter: Dark Mirror,Europe,Games
ULJM-05069,Dora-Slot: Oki Slot Ou! Pioneer 12,Japan,Games
ULKS-46011,FIFA Soccer,Korea,Games
ULAS-42123,Metal Gear Solid: Portable Ops Plus,Asia,Games
UCJX-90021,PlayStation Spot Sen'you UMD Vol. 5,Japan,Demos
UCJX-90023,PlayStation Spot Sen'you UMD Vol. 6,Japan,Preproduction
UCJX-90024,PlayStation Spot Sen'you UMD Vol. 7,Japan,Demos
ULES-00724,Valkyrie Profile: Lenneth,Europe,Games
ULAS-42049,Sakura Taisen 1 & 2,"Japan, Asia",Games
ULJM-05292,Sakura Taisen 1 & 2,"Japan, Asia",Games
UCJS-10030,Bomberman: Bakufuu Sentai Bombermen,Japan,Games
ULJM-05027,Dora-Slot: Kyojin no Hoshi II,Japan,Games
ULES-00025,Need for Speed: Underground Rivals,"Europe, Australia",Games
ULES-00025/AUS,Need for Speed: Underground Rivals,"Europe, Australia",Games
UCES-00113,Gangs of London,Europe,Games
UCES-00422,Ridge Racer 2,"Europe, Australia",Games
UCES-00422/9680673,Ridge Racer 2,"Europe, Australia",Games
UCES-00422/ANZ,Ridge Racer 2,"Europe, Australia",Games
UCES-00422/P,Ridge Racer 2,"Europe, Australia",Games
UCJX-90019,Jeanne d'Arc,Japan,Demos
ULAS-42099,Coded Arms: Contagion,Asia,Games
ULJS-00033,Boku no Watashi no Katamari Damacy,Japan,Games
ULJS-19009,Boku no Watashi no Katamari Damacy,Japan,Games
UCJS-10034,TalkMan Euro! TalkMan Europa Gengo-ban,Japan,Educational
UCJS-18020,TalkMan Euro! TalkMan Europa Gengo-ban,Japan,Educational
ULJM-05255,Grand Theft Auto: Liberty City Stories,Japan,Games
ULJM-05359,Grand Theft Auto: Liberty City Stories,Japan,Games
ULJM-05249,Little Aid Portable,Japan,Games
ULJM-91013,Irem Taikenban Shuu 2008 Shunki Tokubetsugou,Japan,Demos
ULES-00285,Exit,Europe,Games
UCES-00356/9620587,Tekken: Dark Resurrection,Europe,Games
ULES-00382,Metal Gear Solid: Digital Graphic Novel,Europe,Games
ULES-00008,Metal Gear Ac!d,Europe,Games
ULJM-05285,Metal Gear Solid: Portable Ops,Japan,Games
ULJM-05261,Metal Gear Solid: Portable Ops Plus,Japan,Games
ULJM-05284,Metal Gear Solid: Portable Ops Plus,Japan,Games
ULES-01019,Need for Speed: ProStreet,Europe,Games
ULJM-05085,Mobile Train Simulator: Keisei Toei Asakusa Keikyuusen,Japan,Games
UCES-00304,LocoRoco,"Europe, Australia",Games
UCES-00304/9611073,LocoRoco,"Europe, Australia",Games
UCES-00304/ANZ,LocoRoco,"Europe, Australia",Games
UCES-00304/P,LocoRoco,"Europe, Australia",Games
ULUS-10302,Yu-Gi-Oh! GX: Tag Force 2,USA,Games
ULUS-10209,ProStroke Golf: World Tour 2007,USA,Games
UCES-00423,Ace Combat X: Skies of Deception,Europe,Games
UCES-00423#,Ace Combat X: Skies of Deception,Europe,Games
UCES-00423/P,Ace Combat X: Skies of Deception,Europe,Games
ULES-00383,Gitaroo Man Lives!,Europe,Games
ULUS-10277,Castlevania: The Dracula X Chronicles,USA,Games
UCES-00465,WipEout Pulse,"Europe, Australia",Games
UCES-00465/ANZ,WipEout Pulse,"Europe, Australia",Games
UCES-00465/P,WipEout Pulse,"Europe, Australia",Games
ULES-00419,Ultimate Ghosts'n Goblins,Europe,Games
ULES-00419/0990919,Ultimate Ghosts'n Goblins,Europe,Games
ULES-00645,Metal Gear Solid: Portable Ops,Europe,Games
ULES-00645#,Metal Gear Solid: Portable Ops,Europe,Games
ULES-00645/7061831,Metal Gear Solid: Portable Ops,Europe,Games
ULES-00176,Tales of Eternia,Europe,Games
ULES-00176#,Tales of Eternia,Europe,Games
ULES-00193,Breath of Fire III,Europe,Games
ULES-00193/E,Breath of Fire III,Europe,Games
ULUS-10027,Death Jr.,USA,Games
ULJS-00034,Bokujou Monogatari: Harvest Moon: Boy & Girl,Japan,Games
ULJS-19008,Bokujou Monogatari: Harvest Moon: Boy & Girl,Japan,Games
ULUS-10128,50 Cent: Bulletproof: G-Unit Edition,USA,Games
ULUS-10227,7 Wonders of the Ancient World,USA,Games
ULAS-42054,The Godfather: Mob Wars,Asia,Games
ULAS-42020,Tiger Woods PGA Tour 06,Asia,Games
ULES-00766,300: March to Glory,Europe,Games
UCUS-98653,God of War: Chains of Olympus,USA,Games
ULUS-10336,Crisis Core: Final Fantasy VII,USA,Games
ULUS-10336GH,Crisis Core: Final Fantasy VII,USA,Games
ULES-00972,Aliens vs. Predator: Requiem,Europe,Games
ULUS-10322,Downstream Panic!,USA,Games
ULUS-10264,Diner Dash: Sizzle & Serve,USA,Games
ULUS-10148,Scarface: Money. Power. Respect.,USA,Games
ULUS-10267,Chameleon,USA,Games
ULES-00629,Chili Con Carnage,Europe,Games
ULES-00629/0029248,Chili Con Carnage,Europe,Games
ULKS-46146,Pump It Up: Zero Portable,Korea,Games
ULKS-46042,Pump It Up: Exceed Portable,Korea,Games
UCJS-10064,Minna no Golf-jou Vol. 2 (Disc 1),Japan,Games
UCJS-10065,Minna no Golf-jou Vol. 2 (Disc 2),Japan,Games
ULES-00479,LEGO Star Wars II: The Original Trilogy,Europe,Games
ULES-00479/P,LEGO Star Wars II: The Original Trilogy,Europe,Games
UCJS-10067,Minna no Golf-jou Vol. 3 (Disc 1),Japan,Games
UCJS-10068,Minna no Golf-jou Vol. 3 (Disc 2),Japan,Games
UCJS-10027,Derby Time 2006,Japan,Games
ULUS-10088,Field Commander,USA,Games
ULUS-10025GH,Burnout Legends,USA,Games
ULUS-10323,Sonic Rivals 2,USA,Games
ULJM-91012,Yggdra Union,Japan,Demos
ULJM-05207,Tobidase! Trouble Hanafuda Douchuuki,Japan,Games
UCAS-40213,Hot Shots Golf: Open Tee 2,Asia,Games
ULES-00555,Mind Quiz: Exercise Your Brain,Europe,Games
ULUS-10263,Final Fantasy II: 20th Anniversary Edition,"USA, Canada",Games
ULUS-10263-F,Final Fantasy II: 20th Anniversary Edition,"USA, Canada",Games
ULJM-05086,Gensou Suikoden I & II,Japan,Games
ULUS-10003,Untold Legends: Brotherhood of the Blade,USA,Games
UCES-00249,B-Boy,Europe,Games
ULJS-00101,AI Shougi,Japan,Games
UCAS-40218,Secret Agent Clank,Asia,Games
ULUS-10124,Blade Dancer: Lineage of Light,USA,Games
ULUS-10103,Gradius Collection,USA,Games
ULUS-10068,Mega Man: Maverick Hunter X,USA,Games
ULUS-10291,Dragoneer's Aria,USA,Games
ULUS-10006,Metal Gear Ac!d,USA,Games
ULJM-05347,Shinkyoku Soukai Polyphonica: 0~4 wa Full Pack,Japan,Games
ULES-00126,Virtua Tennis: World Tour,Europe,Games
ULES-00734,Disney/Pixar Ratatouille,France,Games
ULES-00291,PoPoLoCrois,Europe,Games
UCED-00350,World Tour Soccer 2,Europe,Demos
UCED-00432,B-Boy,Europe,Demos
UCED-00432/9681373,B-Boy,Europe,Demos
UCED-00365,LocoRoco,Europe,Demos
ULUS-10018,PoPoLoCrois,USA,Games
ULES-00353,Mortal Kombat: Unchained,Europe,Games
ULES-00353#,Mortal Kombat: Unchained,Europe,Games
ULES-00251,Mega Man: Maverick Hunter X,Europe,Games
UCES-00178,Key of Heaven,Europe,Games
ULES-00338,Infected,Europe,Games
ULES-00628,Gurumin: Une Aventure Monstrueuse,France,Games
ULES-00381,Gradius Collection,Europe,Games
ULES-00987,Final Fantasy II: 20th Anniversary Edition,Europe,Games
UCES-00044,Daxter,Europe,Games
UCES-00044/P,Daxter,Europe,Games
ULES-00169,Crash Tag Team Racing,France,Games
ULES-00916,Crash of the Titans,Europe,Games
ULES-00841,Castlevania: The Dracula X Chronicles,Europe,Games
ULUS-10077,Metal Gear Ac!d²,USA,Games
ULUS-10001,Ridge Racer,USA,Games
ULUS-10094,Me & My Katamari,USA,Games
ULUS-10202,Metal Gear Solid: Portable Ops,USA,Games
ULES-01086,LEGO Indiana Jones: The Original Adventures,Europe,Games
ULES-01086#,LEGO Indiana Jones: The Original Adventures,Europe,Games
UCAS-40022,Taiko no Tatsujin Portable,"Japan, Asia",Games
ULJS-00020,Taiko no Tatsujin Portable,"Japan, Asia",Games
ULES-00363,Astonishia Story,Europe,Games
ULES-00377,Capcom Classics Collection Reloaded,Europe,Games
ULES-00307,Mega Man: Powered Up,Europe,Games
ULES-00294,Puyo Pop Fever,Europe,Games
UCES-00775,PaRappa the Rapper,"Europe, Australia",Games
UCES-00775/ANZ,PaRappa the Rapper,"Europe, Australia",Games
UCES-00109/9644064,Lemmings,Europe,Games
UCES-00109,Lemmings,Europe,Games
ULES-00648,Gunpey,Europe,Games
ULES-00986,Final Fantasy: 20th Anniversary Edition,Europe,Games
UCES-00012,Everybody's Golf,Europe,Games
UCES-00012/P,Everybody's Golf,Europe,Games
ULUS-10023,Dead to Rights: Reckoning,USA,Games
ULUS-10063,Prince of Persia: Revelations,USA,Games
UCAS-40090,Saru! Get You! P!,"Japan, Asia",Games
UCJS-18006,Saru! Get You! P!,"Japan, Asia",Games
UCJX-90029,Saru! Get You! P!,"Japan, Asia",Games
ULJM-05220,Parodius Portable,Japan,Games
ULJM-05221,TwinBee Portable,Japan,Games
UCJB-98301,Sampler Disc for PSP Vol. 1,USA,Demos
ULJM-91014,Phantasy Star Portable,Japan,Demos
ULES-00620,Exit 2,Europe,Games
ULUS-10022,The Legend of Heroes: A Tear of Vermillion,USA,Games
ULJS-00041,Super Robot Taisen MX Portable,Japan,Games
ULUS-10324,Harvey Birdman: Attorney at Law,USA,Games
UCES-01042,Buzz! Master Quiz,Europe,Games
ULUS-10075,Generation of Chaos,USA,Games
ULUS-10242,Aedis Eclipse: Generation of Chaos,USA,Games
ULUS-10076,Spectral Souls: Resurrection of the Ethereal Empires,USA,Games
ULUS-10271,Tales of the World: Radiant Mythology,USA,Games
UCUS-98700,Jeanne d'Arc,USA,Games
ULUS-10136,Yu-Gi-Oh! GX: Tag Force,USA,Games
ULUS-10297,Final Fantasy Tactics: The War of the Lions,USA,Games
ULUS-10297GH,Final Fantasy Tactics: The War of the Lions,USA,Games
ULUS-10285,Silent Hill Origins,USA,Games
ULES-00369,Kameleon,Europe,Games
ULES-00621,Magic Sudoku,Europe,Games
ULES-00348,Space Invaders Evolution,Europe,Games
ULES-00623,Star Trek: Tactical Assault,Europe,Games
ULES-00692,Zendoku,Europe,Games
ULES-01045,Crisis Core: Final Fantasy VII,France,Games
ULES-00466,Mercury Meltdown,Europe,Games
ULUS-10125,The Legend of Heroes II: Prophecy of the Moonlight Witch,USA,Games
UCUS-98699,NBA 08,USA,Games
ULUS-10295,The Simpsons Game,USA,Games
ULUS-10066,Fight Night Round 3,USA,Games
ULUS-10066GH,Fight Night Round 3,USA,Games
ULES-00277,Tenchu: Time of the Assassins,Europe,Games
UCAS-40217,Namco Museum Battle Collection,Asia,Games
ULUS-10261,Harry Potter and the Order of the Phoenix,USA,Games
ULJS-19018,Ace Combat X: Skies of Deception,Japan,Games
ULJM-05309,Phantasy Star Portable,Japan,Games
ULJM-08023,Phantasy Star Portable,Japan,Games
ULES-00981,Star Wars: The Force Unleashed,Europe,Games
ULUS-10380,LEGO Batman: The Videogame,USA,Games
ULUS-10380GH,LEGO Batman: The Videogame,USA,Games
ULUS-10340,N Plus,USA,Games
ULUS-10308,Disgaea: Afternoon of Darkness,USA,Games
UCUS-98601,Twisted Metal: Head-On,USA,Games
UCUS-98601GH,Twisted Metal: Head-On,USA,Games
ULUS-10338,SNK Arcade Classics Vol. 1,USA,Games
ULJS-00161,"Nogizaka Haruka no Himitsu: Cosplay, Hajimemashita: Himitsu no Radio",Japan,Games
UCAS-40223,Disgaea: Afternoon of Darkness,Asia,Games
UCAS-40224,Dragoneer's Aria,Asia,Games
UCES-00842,God of War: Chains of Olympus,"Europe, Australia",Games
UCES-00842/ANZ,God of War: Chains of Olympus,"Europe, Australia",Games
UCES-00842/P,God of War: Chains of Olympus,"Europe, Australia",Games
ULUS-10014,Tony Hawk's Underground 2 Remix,USA,Games
ULES-01154,Star Ocean: First Departure,Europe,Games
ULES-00826,Lara Croft Tomb Raider: Anniversary,Europe,Games
ULES-00826/0030381,Lara Croft Tomb Raider: Anniversary,Europe,Games
ULES-00192,SSX on Tour,Europe,Games
ULES-00192/FRA,SSX on Tour,Europe,Games
ULES-00016,Darkstalkers Chronicle: The Chaos Tower,Europe,Games
UCJS-10007,WipEout Pure,Japan,Games
UCUS-98612,WipEout Pure,USA,Games
UCUS-98712,WipEout Pulse,USA,Games
UCUS-98612GH,WipEout Pure,USA,Games
UCED-01060/9992851,Echochrome,Europe,Demos
UCET-00713/9482154,WipEout Pulse,Europe,Preproduction
UCAS-40135,PaRappa the Rapper,"Japan, Asia",Games
UCJS-10046,PaRappa the Rapper,"Japan, Asia",Games
ULES-00108,Midnight Club 3: DUB Edition,Europe,Games
ULES-00108#,Midnight Club 3: DUB Edition,Europe,Games
ULES-00108/P,Midnight Club 3: DUB Edition,Europe,Games
ULUS-10176,Ace Combat X: Skies of Deception,USA,Games
UCUS-98689,Gangs of London,USA,Demos
ULAS-42083,Gundam Battle Royale,"Japan, Asia",Games
ULJS-00083,Gundam Battle Royale,"Japan, Asia",Games
ULJS-19015,Gundam Battle Royale,"Japan, Asia",Games
UCUS-98670,Killzone: Liberation,USA,Demos
UCUS-98671,Lemmings,USA,Demos
UCET-00713,WipEout Pulse,Europe,Preproduction
ULUS-10407,Prinny: Can I Really Be the Hero?,USA,Games
ULJS-00025,Gundam Battle Tactics,Japan,Games
ULJS-00158,Macross Ace Frontier,Japan,Games
ULES-01144,Midnight Club: L.A. Remix,Europe,Games
UCES-01011,Echochrome,"Europe, Australia",Games
UCES-01011/ANZ,Echochrome,"Europe, Australia",Games
ULAS-42110,Monster Hunter Freedom 2,Asia,Games
UCAS-40238,Ultimate Board Game Collection,Asia,Games
UCUS-98613,World Tour Soccer,USA,Games
ULJM-05415,Hayate no Gotoku!! Nightmare Paradise,Japan,Games
ULJM-05416,Hayate no Gotoku!! Nightmare Paradise,Japan,Games
ULES-00223,Prince of Persia: Revelations,Europe,Games
ULUS-10369,FIFA Soccer 09,USA,Games
ULUS-10013,Rengoku: The Tower of Purgatory,USA,Games
ULUS-10007,Need for Speed: Underground Rivals,USA,Games
ULUS-10046,PQ: Practical Intelligence Quotient,USA,Games
ULES-00556,Sega Mega Drive Collection,Europe,Games
ULES-01145,Need for Speed: Undercover,Europe,Games
ULES-01145/P,Need for Speed: Undercover,Europe,Games
UCES-00003#,World Tour Soccer,Europe,Games
UCAS-40034,Yarudora Portable: Sampaguita,Asia,Games
UCAS-40033,Yarudora Portable: Kisetsu o Dakishimete,Asia,Games
UCAS-40032,Yarudora Portable: Double Cast,Asia,Games
UCAS-40053,Kuru Kuru Chameleon,Asia,Games
UCAS-40047,Shin Megami Tensei: Devil Summoner,"Japan, Asia",Games
ULJM-05053,Shin Megami Tensei: Devil Summoner,"Japan, Asia",Games
UCAS-40042,Karakuri,"Japan, Asia",Games
ULJS-00029,Karakuri,"Japan, Asia",Games
UCAS-40027,Shinki Gensou: SSII Unlimited Side,Asia,Games
ULUS-10392,Hammerin' Hero,USA,Games
ULJM-05100,Jitsuroku Oniyome Nikki: Shiuchi ni Taeru Otto no Rifujin Taiken Adventure,Japan,Games
ULJM-05098,Jui: Dr. Touma Jotarou,Japan,Games
ULAS-42014,Sanguozhi V,Asia,Games
UCAS-40160,Simple 2500 Series Portable!! Vol. 2: The Tennis,"Japan, Asia",Games
ULJS-00038,Simple 2500 Series Portable!! Vol. 2: The Tennis,"Japan, Asia",Games
UCES-00244,Passport to... Prague,Europe,Applications
ULES-00496,Power Stone Collection,Europe,Games
ULES-00153,Tiger Woods PGA Tour 06,Europe,Games
UCKS-45085,MLB 08: The Show,Korea,Games
UCUS-98696,MLB 08: The Show,Korea,Games
ULES-00840,Little Britain: The Video Game,Europe,Games
ULES-01105,SNK Arcade Classics Vol. 1,Europe,Games
ULES-00517,Kazook,Europe,Games
UCES-00240,Passport to... London,Europe,Applications
ULES-00945,The Sims 2: Castaway,Europe,Games
ULES-00945/1.00,The Sims 2: Castaway,Europe,Games
ULES-00945/P,The Sims 2: Castaway,Europe,Games
UCES-00241,Passport to... Paris,Europe,Applications
ULES-00469,Bomberman,Europe,Games
ULJM-05108,Eyeshield 21: Portable Edition,Japan,Games
UCES-00421,Shinobido: Tales of the Ninja,Europe,Games
ULJM-05427,Shin Sangoku Musou: Multi Raid,Japan,Games
ULES-00847,Dungeon Explorer,Europe,Games
ULES-00740,Driver 76,Europe,Games
ULES-00740/P,Driver 76,Europe,Games
UCES-00302,Ape Academy 2,Europe,Games
UCUS-98731,LocoRoco 2,USA,Games
UCES-00242,Passport to... Barcelona,Europe,Applications
ULED-01244/0991411,Monster Hunter Freedom Unite,Europe,Demos
ULES-00297,Samurai Warriors: State of War,Europe,Games
ULES-00574,Guilty Gear Judgment,Europe,Games
UCES-00767,Everybody's Golf 2,"Europe, Canada",Games
UCES-00767/9986553,Everybody's Golf 2,"Europe, Canada",Games
UCES-00767/ANZ,Everybody's Golf 2,"Europe, Canada",Games
UCES-00767/E,Everybody's Golf 2,"Europe, Canada",Games
UCUS-94340,Everybody's Golf 2,"Europe, Canada",Games
ULES-00180,Midway Arcade Treasures: Extended Play,Europe,Games
ULES-00347,Capcom Classics Collection Remixed,Europe,Games
ULJS-00200,Major League Baseball 2K9,Japan,Games
ULJM-05073,Need for Speed: Most Wanted: 5-1-0,Japan,Games
ULJM-05183,Need for Speed: Most Wanted: 5-1-0,Japan,Games
ULUS-10220,Full Auto 2: Battlelines,USA,Games
ULUS-10245,Alien Syndrome,USA,Games
ULUS-10292,Star Wars Battlefront: Renegade Squadron,USA,Games
ULUS-10292GH,Star Wars Battlefront: Renegade Squadron,USA,Games
UCUS-98609,Ape Escape: On the Loose,USA,Games
ULUS-10019,Coded Arms,USA,Games
ULUS-10154,Metal Slug Anthology,USA,Games
ULUS-10391,Monster Hunter Freedom Unite,USA,Games
ULUS-17008,Monster Hunter Freedom Unite,USA,Games
ULUS-10374,Star Ocean: First Departure,USA,Games
ULUS-10375,Star Ocean: Second Evolution,USA,Games
ULUS-10230,Valhalla Knights,USA,Games
ULUS-10034,Armored Core: Formula Front Extreme Battle,USA,Games
UCJS-10042,Bleach: Heat the Soul 3,Japan,Games
UCES-00942,Secret Agent Clank,Europe,Games
ULES-00756,Manhunt 2,Europe,Games
ULES-00468,Every Extend Extra,Europe,Games
ULES-00934,Football Manager Handheld 2008,Europe,Games
ULES-00880,PES 2008: Pro Evolution Soccer,Europe,Games
ULES-00248,Football Manager Handheld,Europe,Games
ULES-01044,Crisis Core: Final Fantasy VII,Europe,Games
ULUS-10437,Dissidia Final Fantasy,USA,Games
ULES-00579,Prince of Persia: Rival Swords,Europe,Games
ULES-00125,Burnout Legends,"Europe, Australia",Games
ULES-00125/ANZ,Burnout Legends,"Europe, Australia",Games
ULES-00455,Tiger Woods PGA Tour 07,Europe,Games
ULUS-10418,Rock Band Unplugged,USA,Games
ULUS-10303,Jackass: The Game,USA,Games
ULUS-10304,Crash of the Titans,USA,Games
UCUS-98618,Daxter,USA,Games
UCUS-98764,Daxter,USA,Games
ULJM-05512,Shadow of Memories,Japan,Games
UCUS-98662,LocoRoco,USA,Preproduction
ULUS-10083,Astonishia Story,USA,Games
ULUS-10017,Archer Maclean's Mercury,USA,Games
UCUS-98603,ATV Offroad Fury: Blazin' Trails,USA,Games
UCAS-40275,Soulcalibur: Broken Destiny,"Japan, Asia",Games
UCKS-45126,Soulcalibur: Broken Destiny,"Japan, Asia",Games
ULJS-00202,Soulcalibur: Broken Destiny,"Japan, Asia",Games
UCUS-98743,MotorStorm: Arctic Edge,USA,Games
ULUS-10279,Brave Story: New Traveler,USA,Games
UCAS-40152,Final Fantasy II,"Japan, Asia",Games
ULJM-05245,Final Fantasy II,"Japan, Asia",Games
ULJM-05515,Final Fantasy II,"Japan, Asia",Games
ULUS-10074,Exit,USA,Games
ULUS-10147,Every Extend Extra,USA,Games
ULUS-10410,Phantasy Star Portable,USA,Games
ULUS-10207,Gitaroo Man Lives!,USA,Games
ULUS-10039,Frantix,USA,Games
ULUS-10050,WWE SmackDown vs. Raw 2006,USA,Games
UCET-00794,SOCOM: U.S. Navy SEALs: Fireteam Bravo 2,Europe,Games
UCUS-98693,Hot Shots Golf: Open Tee 2,USA,Preproduction
ULUS-10457,Soulcalibur: Broken Destiny,USA,Games
ULES-00264,FIFA Street 2,Europe,Games
ULJM-05550,Dissidia Final Fantasy: Universal Tuning,Japan,Games
ULJM-05761,Dissidia Final Fantasy: Universal Tuning,Japan,Games
UCAS-40274,Dissidia Final Fantasy,Asia,Games
ULJS-00213,Gendai Daisenryaku: Isshoku Sokuhatsu Gunji Balance Houkai,Japan,Games
ULJM-05524,Shin Sangoku Musou 5 Special,Japan,Games
ULUS-10293,FIFA Soccer 08,USA,Games
ULES-00135,Ghost in the Shell: Stand Alone Complex,Europe,Games
ULES-00764,Impossible Mission,Europe,Games
ULUS-10342,Major League Baseball 2K8,USA,Games
ULUS-10334,Puzzle Guzzle,USA,Games
ULUS-10472,Army of Two: The 40th Day,USA,Games
ULUS-10455,Assassin's Creed: Bloodlines,USA,Games
UCUS-98697,Secret Agent Clank,USA,Games
UCUS-98764,Secret Agent Clank,USA,Games
ULUS-10221,UEFA Champions League 2006-2007,USA,Games
ULUS-10490,Grand Theft Auto: Chinatown Wars,USA,Games
ULUS-10370,NBA Live 09,USA,Games
ULUS-10358,Tom Clancy's EndWar,USA,Games
ULUS-10108,Metal Gear Solid: Digital Graphic Novel,USA,Games
ULUS-10387,Ben 10: Alien Force,USA,Games
ULUS-10383,Midnight Club: L.A. Remix,USA,Games
ULUS-10196,Marvel Trading Card Game,USA,Games
ULES-00262,OutRun 2006: Coast 2 Coast,Europe,Games
ULAS-42187,NBA Live 10,Asia,Games
ULAS-42176,Need for Speed: Shift,Asia,Games
ULUS-10042,SSX on Tour,USA,Games
ULAS-42137,Gundam Battle Universe,"Japan, Asia",Games
ULJS-00145,Gundam Battle Universe,"Japan, Asia",Games
ULUS-10290,Metal Gear Solid: Portable Ops Plus,USA,Games
UCAS-40119,Ridge Racer 2,Asia,Games
UCAS-40273,Ridge Racer 2,Asia,Games
ULJS-00223,Macross Ultimate Frontier,Japan,Games
ULJS-00231,Macross Ultimate Frontier,Japan,Games
ULJS-00108,Simple 2500 Series Portable!! Vol. 10: The IQ Cube: Moyatto Atama o Puzzle de Sukkiri!,Japan,Games
UCUS-98654,Daxter,USA,Demos
ULUS-10036,Need for Speed: Most Wanted: 5-1-0,USA,Games
ULUS-10036GH,Need for Speed: Most Wanted: 5-1-0,USA,Games
ULES-00931,WWE SmackDown vs. Raw 2008,Europe,Games
UCES-00254,TalkMan,"Europe, Australia",Educational
UCES-00254/ANZ,TalkMan,"Europe, Australia",Educational
ULUS-10035,Namco Museum Battle Collection,USA,Games
ULUS-10025,Burnout Legends,USA,Games
UCUS-98732,Patapon 2,USA,Games
ULES-00910,Sega Rally,Europe,Games
ULES-01270,Dissidia Final Fantasy,Europe,Games
ULES-01270/E,Dissidia Final Fantasy,Europe,Games
ULUS-10266,Monster Hunter Freedom 2,USA,Games
ULUS-17008,Monster Hunter Freedom 2,USA,Games
ULUS-10084,Monster Hunter Freedom,USA,Games
ULES-01046,Crisis Core: Final Fantasy VII,Germany,Games
ULES-01046/P,Crisis Core: Final Fantasy VII,Germany,Games
ULUS-10313,"Warhammer 40,000: Squad Command",USA,Games
ULES-01072,Disney/Pixar WALL-E,Europe,Games
ULES-01135,FIFA 09,Europe,Games
ULES-01218,Phantasy Star Portable,Europe,Games
ULES-00584,Tom Clancy's Rainbow Six: Vegas,Europe,Games
ULKS-46190,DJ Max Emotional Sense P: Clazziquai Edition,Korea,Games
ULUS-10469,Dante's Inferno,USA,Games
ULUS-10482,Lunar: Silver Star Harmony,USA,Games
ULUS-10171,Power Stone Collection,USA,Games
UCUS-98740,Fat Princess: Fistful of Cake,USA,Games
ULUS-10480,Prince of Persia: The Forgotten Sands,USA,Games
ULUS-10461,Disgaea 2: Dark Hero Days,USA,Games
ULUS-10059,Midway Arcade Treasures: Extended Play,USA,Games
UCUS-98744,LittleBigPlanet,USA,Games
UCUS-98647,Lemmings,USA,Games
ULUS-10016,Smart Bomb,USA,Games
ULUS-10174,Rush,USA,Games
ULUS-10037,Virtua Tennis: World Tour,USA,Games
ULUS-10052,Pinball Hall of Fame: The Gottlieb Collection,USA,Games
ULUS-10466,Tekken 6,USA,Games
ULUS-10237,Tom Clancy's Ghost Recon: Advanced Warfighter 2,USA,Games
ULUS-10237GH,Tom Clancy's Ghost Recon: Advanced Warfighter 2,USA,Games
ULUS-10062,Street Fighter Alpha 3 Max,USA,Games
UCUS-98606,Syphon Filter: Logan's Shadow,USA,Games
UCUS-98632,Gran Turismo,USA,Games
ULUS-10033,Marvel Nemesis: Rise of the Imperfects,USA,Games
ULUS-10273,Crazy Taxi: Fare Wars,USA,Games
UCUS-98765,Need for Speed: Shift,USA,Games
ULUS-10462,Need for Speed: Shift,USA,Games
ULUS-10429,MX vs. ATV Reflex,USA,Games
ULUS-10011,FIFA Soccer,USA,Games
UCUS-98614,Hot Shots Golf: Open Tee,USA,Games
ULUS-10040,Gripshift,USA,Games
UCUS-98624,MLB 06: The Show,USA,Games
ULUS-10043,Ultimate Block Party,USA,Games
ULUS-10506,Hexyz Force,USA,Games
UCUS-98668,Resistance: Retribution,USA,Games
ULUS-10186,Activision Hits Remixed,USA,Games
ULUS-10158,Gun Showdown,USA,Games
ULUS-10133,Mercury Meltdown,USA,Games
ULUS-10172,WTF: Work Time Fun,USA,Games
ULUS-10091,Mega Man: Powered Up,USA,Games
UCUS-98640,Pursuit Force,USA,Games
ULES-00577,Need for Speed: Carbon: Own the City,Europe,Games
ULUS-10497,Iron Man 2,USA,Games
UCJS-10082,Bleach: Heat the Soul 5,Japan,Games
ULUS-10453,Undead Knights,USA,Games
ULUS-10491,Half-Minute Hero,USA,Games
ULUS-10492,Mimana: IYAR Chronicle,USA,Games
UCUS-98919,Metal Gear Solid: Peace Walker,USA,Games
ULUS-10509,Metal Gear Solid: Peace Walker,USA,Games
ULUS-10509GH,Metal Gear Solid: Peace Walker,USA,Games
ULES-00658,Innocent Life: A Futuristic Harvest Moon,Europe,Games
ULUS-10241,300: March to Glory,USA,Games
ULES-01187,Star Ocean: Second Evolution,Europe,Games
ULUS-10503,Major League Baseball 2K10,USA,Games
ULES-00618,DreamWorks Shrek: Smash n' Crash Racing,Europe,Games
ULUS-10244,After Burner: Black Falcon,USA,Games
ULUS-10396,Class of Heroes,USA,Games
ULUS-10421,Marvel: Ultimate Alliance 2,USA,Games
ULUS-10432,Shin Megami Tensei: Persona,USA,Games
ULUS-10454,Astro Boy: The Video Game,USA,Games
ULJM-05681,Hatsune Miku: Project Diva 2nd,Japan,Games
ULAS-42163,Hatsune Miku: Project Diva,"Japan, Asia",Games
ULJM-05472,Hatsune Miku: Project Diva,"Japan, Asia",Games
ULJM-05682,Hatsune Miku: Project Diva,"Japan, Asia",Games
ULUS-10274,Transformers: The Game,USA,Games
ULUS-10274GH,Transformers: The Game,USA,Games
ULUS-10442,Kenka Bancho: Badass Rumble,USA,Games
ULUS-10458,Harvest Moon: Hero of Leaf Valley,USA,Games
ULUS-10105,Ultimate Ghosts'n Goblins,USA,Games
ULUS-10004,Dynasty Warriors,USA,Games
ULUS-10030,NBA Live 06,USA,Games
ULUS-10069,Street Supremacy,USA,Games
ULUS-10417,Adventures to Go!,USA,Games
ULUS-10275,Madden NFL 08,USA,Games
ULUS-10170,Dynasty Warriors Vol. 2,USA,Games
ULUS-10116,NCAA Football 07,USA,Games
ULUS-10104,Guilty Gear Judgment,USA,Games
ULUS-10097,Capcom Classics Collection Remixed,USA,Games
ULUS-10433,Transformers: Revenge of the Fallen,USA,Games
ULUS-10156,BattleZone,USA,Games
ULUS-10325,Atari Classics Evolved,USA,Games
ULUS-10522,Disgaea Infinite,USA,Games
ULUS-10319,Bomberman Land,USA,Games
UCUS-98631,World Tour Soccer 06,USA,Games
ULUS-10141,Medal of Honor: Heroes,USA,Games
ULUS-10117,Madden NFL 07,USA,Games
ULUS-10031,The Sims 2,USA,Games
UCES-00243,Passport to... Amsterdam,Europe,Applications
ULES-01047,Crisis Core: Final Fantasy VII,Italy,Games
ULES-01047/P,Crisis Core: Final Fantasy VII,Italy,Games
UCUS-98605,MLB,USA,Games
ULUS-10551,Ys Seven,USA,Games
ULUS-10177,Dungeon Siege: Throne of Agony,USA,Games
ULES-00837,Tales of the World: Radiant Mythology,Europe,Games
ULUS-10005,Darkstalkers Chronicle: The Chaos Tower,USA,Games
ULUS-10515,Valkyria Chronicles II,USA,Games
ULUS-10511,Ace Combat: Joint Assault,USA,Games
UCUS-98619,Ape Escape Academy,USA,Games
UCUS-98649,SOCOM: U.S. Navy SEALs: Tactical Strike,USA,Games
ULUS-10115,Tiger Woods PGA Tour 07,USA,Games
ULUS-10099,Major League Baseball 2K6,USA,Games
ULES-00938,Spider-Man 3,Europe,Games
ULES-00938/E,Spider-Man 3,Europe,Games
ULES-00917,Crash of the Titans,Europe,Games
ULJM-05465,Onore no Shinzuru Michi o Yuke,Japan,Games
ULUS-10134,Capcom Classics Collection Reloaded,USA,Games
ULUS-10404,Air Conflicts: Aces of World War II,USA,Games
ULUS-10327,Aliens vs. Predator: Requiem,USA,Games
ULUS-10217,Capcom Puzzle World,USA,Games
ULES-01367,Assassin's Creed: Bloodlines,Europe,Games
ULES-01367/E,Assassin's Creed: Bloodlines,Europe,Games
ULES-01277,G.I. Joe: The Rise of Cobra,Europe,Games
ULES-01347,Grand Theft Auto: Chinatown Wars,Europe,Games
UCES-01059,LocoRoco 2,Europe,Games
UCES-01059/E,LocoRoco 2,Europe,Games
UCES-01184,Resistance: Retribution,Europe,Games
ULES-00765,Crush,Europe,Games
ULES-01120,Tiger Woods PGA Tour 09,Europe,Games
UCES-01312,Fat Princess: Fistful of Cake,"Europe, Australia",Games
ULKS-46204,Kidou Senshi Gundam: Senjou no Kizuna Portable,Korea,Games
UCES-01290,Buzz! Quiz World,Europe,Games
ULES-01023,Beaterator,"Europe, Australia",Games
ULJM-05135,Sony Computer Science Kenkyuusho Mogi Kenichirou Hakushi Kanshuu: Nou ni Kaikan Aha Taiken,Japan,Games
ULJM-05189,Sony Computer Science Kenkyuusho Mogi Kenichirou Hakushi Kanshuu: Nou ni Kaikan Minna de Aha Taiken,Japan,Games
ULUS-10114,Need for Speed: Carbon: Own the City,USA,Games
UCUS-98633,Ratchet & Clank: Size Matters,USA,Games
ULUS-10341,Warriors Orochi,USA,Games
UCUS-98615,SOCOM: U.S. Navy SEALs: Fireteam Bravo,USA,Games
UCUS-98607,NBA,USA,Games
ULUS-10262,Surf's Up,USA,Games
ULUS-10246,Virtua Tennis 3,USA,Games
ULUS-10260,Worms: Open Warfare 2,USA,Games
ULUS-10206,Tom Clancy's Rainbow Six: Vegas,USA,Games
ULUS-10095,Go! Sudoku,USA,Games
ULUS-10026,Frogger: Helmet Chaos,USA,Games
ULUS-10339,Wild Arms XF,USA,Games
ULUS-10155,LEGO Star Wars II: The Original Trilogy,USA,Games
ULUS-10155GH,LEGO Star Wars II: The Original Trilogy,USA,Games
ULUS-10288,Dead Head Fred,USA,Games
ULUS-10152,Open Season,USA,Games
ULUS-10193,Brothers in Arms: D-Day,USA,Games
ULUS-10048,The Hustle: Detroit Streets,USA,Games
ULUS-10240,Prince of Persia: Rival Swords,USA,Games
ULUS-10070,Tom Clancy's Splinter Cell: Essentials,USA,Games
ULES-01416,Dead or Alive: Paradise,Europe,Games
ULES-01489,Harvest Moon: Hero of Leaf Valley,Europe,Games
UCUS-98706,Jeanne d'Arc,USA,Demos
UCUS-98704,Syphon Filter: Logan's Shadow,USA,Demos
UCUS-98680,MLB 07: The Show,USA,Demos
ULES-00557,Medal of Honor: Heroes,Europe,Games
ULES-00557/E,Medal of Honor: Heroes,Europe,Games
ULES-00557/P,Medal of Honor: Heroes,Europe,Games
UCED-00448,Tekken: Dark Resurrection,Europe,Demos
ULES-01338,Football Manager Handheld 2010,Europe,Games
ULES-01358,Ben 10: Alien Force: Vilgax Attacks,Europe,Games
ULJM-05005,Vampire Chronicle: The Chaos Tower,Japan,Games
ULJM-08018,Vampire Chronicle: The Chaos Tower,Japan,Games
ULJM-05290,Star Ocean: First Departure,Japan,Games
UCES-01250,MotorStorm: Arctic Edge,Europe,Games
ULES-00627,Gurumin: A Monstrous Adventure,Europe,Games
ULUS-10479,Lord of Arcana,USA,Games
ULUS-10079,World Poker Tour,USA,Games
UCUS-98604,Gretzky NHL,USA,Games
UCUS-98702,PaRappa the Rapper,USA,Games
ULUS-10286,Riviera: The Promised Land,USA,Games
ULUS-10151,Pocket Pool,USA,Games
ULUS-10382,Neverland Card Battles,USA,Games
ULUS-10438,Pangya: Fantasy Golf,USA,Games
ULUS-10101,Stacked with Daniel Negreanu,USA,Games
UCUS-98684,Ratchet & Clank: Size Matters,USA,Demos
ULUS-10140,EA Replay,USA,Games
ULUS-10178,Mind Quiz: Exercise Your Brain,USA,Games
UCUS-98705,God of War: Chains of Olympus: Special Edition: Battle of Attica,USA,Demos
ULUS-10162,World Series of Poker: Tournament of Champions: 2007 Edition,USA,Games
UCES-01264,LittleBigPlanet,Europe,Games
ULUS-90003,Monster Hunter Freedom Unite,USA,Demos
UCUS-98694,NBA 07,USA,Demos
UCKS-45058,Final Fantasy Tactics: Shishi Sensou,"Japan, Korea",Games
ULJM-05194,Final Fantasy Tactics: Shishi Sensou,"Japan, Korea",Games
ULJM-05516,Final Fantasy Tactics: Shishi Sensou,"Japan, Korea",Games
UCJM-95402,Tenchi no Mon,Japan,Demos
ULJS-00137,Umihara Kawase Portable,Japan,Games
UCJS-10010,Tenchi no Mon,Japan,Games
ULAS-42018,World Soccer Winning Eleven 9: Ubiquitous Evolution,"Japan, Asia",Games
ULJM-05033,World Soccer Winning Eleven 9: Ubiquitous Evolution,"Japan, Asia",Games
ULJM-08009,World Soccer Winning Eleven 9: Ubiquitous Evolution,"Japan, Asia",Games
ULJS-00006,Soukyuu no Fafner,Japan,Games
ULES-00390,Def Jam: Fight for NY: The Takeover,Europe,Games
ULJM-05101,Valkyrie Profile: Lenneth,Japan,Games
ULJM-05320,Valkyrie Profile: Lenneth,Japan,Games
ULES-01121,R-Type Tactics,Europe,Games
ULES-01247,SBK 09: Superbike World Championship,Europe,Games
ULES-00603,The Hustle: Detroit Streets,Europe,Games
ULJM-05528,Taishou Yakyuu Musume.: Otome-tachi no Seishun Nikki,Japan,Games
ULES-01165,WWE SmackDown vs. Raw 2009,Europe,Games
ULES-01165#,WWE SmackDown vs. Raw 2009,Europe,Games
ULES-01376,Tekken 6,Europe,Games
ULES-01422,Iron Man 2: The Video Game,Europe,Games
ULES-01286,Transformers: Revenge of the Fallen,Europe,Games
ULES-01028,Luxor: Pharaoh's Challenge,Europe,Games
ULES-01329,FIFA 10,Russia,Games
ULES-01407,Naruto Shippuden: Ultimate Ninja Heroes 3,Europe,Games
UCES-00543,SOCOM: U.S. Navy SEALs: Fireteam Bravo 2,Europe,Games
UCES-00758,Smash Court Tennis 3,Europe,Games
UCES-01242,SOCOM: U.S. Navy SEALs: Fireteam Bravo 3,Europe,Games
ULES-01242,SOCOM: U.S. Navy SEALs: Fireteam Bravo 3,Europe,Games
UCES-01313,Echoshift,Europe,Games
UCES-00995,Patapon,Europe,Games
UCES-00995/1.00,Patapon,Europe,Games
UCES-01334,The Eye of Judgment: Legends,Europe,Games
ULES-01243,Rock Band Unplugged,Europe,Games
ULUS-10558,Ys: The Oath in Felghana,USA,Games
ULUS-10536,Bakugan: Defenders of the Core,USA,Games
ULJM-05262,Dissidia Final Fantasy,Japan,Games
ULJM-05405,Dissidia Final Fantasy,Japan,Games
ULKS-46032,NBA Live 06,Korea,Games
ULES-00394,The Godfather,Europe,Games
ULES-00394#,The Godfather,Europe,Games
ULES-00483,The Warriors,Europe,Games
ULAS-42141,FIFA 09,Asia,Games
ULES-00398,Der Pate,Germany,Games
ULES-01148,NBA Live 09,France,Games
ULES-00546,Scarface: Money. Power. Respect.,Europe,Games
UCAS-40089,Tiandi Zhi Men,Asia,Games
ULES-00978,Die Simpsons: Das Spiel,Germany,Games
ULES-00978#,Die Simpsons: Das Spiel,Germany,Games
ULKS-46207,Transformers: Revenge of the Fallen,Korea,Games
UCAS-40208,Rockman Rockman,Asia,Games
ULAS-42050,Rockman Rockman,Asia,Games
UCAS-40161,Wild Arms: Crossfire,Asia,Games
UCAS-40305,ModNation Racers,Asia,Games
UCKS-45154,ModNation Racers,Asia,Games
ULUS-10539,Knights in the Nightmare,USA,Games
ULUS-10521,Dead or Alive: Paradise,USA,Games
ULUS-10547,Ys I & II Chronicles,USA,Games
ULUS-10450,Silent Hill: Shattered Memories,USA,Games
UCUS-98701,Hot Shots Tennis: Get a Grip,USA,Games
ULUS-10486,Ghostbusters: The Video Game,USA,Games
UCUS-98614GH,Hot Shots Golf: Open Tee,USA,Games
ULUS-10542,Ben 10: Ultimate Alien: Cosmic Destruction,USA,Games
ULUS-10298,Hot Pixel,USA,Games
ULUS-10351,Code Lyoko: Quest for Infinity,USA,Games
ULUS-10028,Tiger Woods PGA Tour 06,USA,Games
ULUS-10359,Pipe Mania,USA,Games
ULUS-10238,Crush,USA,Games
ULUS-10268,Hot Brain,USA,Games
ULUS-10343,R-Type Command,USA,Games
ULUS-10332,Blokus Portable: Steambot Championship,USA,Games
ULUS-10182,Gunpey,USA,Games
UCUS-98718,Pursuit Force: Extreme Justice,USA,Demos
UCUS-98713,God of War: Chains of Olympus: Battle of Attica,USA,Demos
UCUS-98713BB,God of War: Chains of Olympus: Battle of Attica,USA,Demos
ULUS-10157,Death Jr. II: Root of Evil,USA,Games
ULUS-10060,World Championship Poker 2 featuring Howard Lederer,USA,Games
ULUS-10403,DJ Max Emotional Sense: Fever,USA,Games
ULES-00474,Eragon,Europe,Games
ULES-00616,Bliss Island,Europe,Games
ULES-01161,Imagine: Champion Rider,Europe,Games
ULES-01161/E,Imagine: Champion Rider,Europe,Games
UCAS-40015,Ridge Racer,Asia,Games
UCAS-40093,Ridge Racer,Asia,Games
ULUS-10431,Hannah Montana: Rock Out the Show,USA,Games
UCAS-40167,Crisis Core: Final Fantasy VII,"Japan, Asia",Games
UCAS-40272,Crisis Core: Final Fantasy VII,"Japan, Asia",Games
ULJM-05275,Crisis Core: Final Fantasy VII,"Japan, Asia",Games
ULJM-05517,Crisis Core: Final Fantasy VII,"Japan, Asia",Games
ULES-00182,Grand Theft Auto: Liberty City Stories,Germany,Games
ULES-00182/P,Grand Theft Auto: Liberty City Stories,Germany,Games
ULES-00818,Riviera: The Promised Land,Europe,Games
ULES-01359,Half-Minute Hero,Europe,Games
ULES-01372,Metal Gear Solid: Peace Walker,"Europe, Australia",Games
ULES-01417,Valkyria Chronicles II,Europe,Games
ULES-01441,Kingdom Hearts: Birth by Sleep,Europe,Games
ULUS-10368,Yggdra Union,USA,Games
ULUS-10540,The Legend of Heroes: Trails in the Sky,USA,Games
ULUS-10572,Phantom Brave: The Hermuda Triangle,USA,Games
UCAS-40215,Pipe Mania,Asia,Games
UCKS-45095,Pipe Mania,Asia,Games
ULUS-10409,Guilty Gear XX Accent Core Plus,USA,Games
UCAS-40259,Yuusha 30,"Japan, Asia",Games
ULJS-00195,Yuusha 30,"Japan, Asia",Games
ULJS-19040,Yuusha 30,"Japan, Asia",Games
ULES-00011,Archer Maclean's Mercury,"Europe, Australia",Games
ULES-00633,Nickelodeon Avatar: The Legend of Aang,Europe,Games
ULES-00633/E,Nickelodeon Avatar: The Legend of Aang,Europe,Games
ULES-00703,Burnout Dominator,Europe,Games
ULES-00111,Colin McRae Rally 2005 Plus,Europe,Games
ULES-00569,Dungeon Siege: Throne of Agony,Europe,Games
UCES-00004,F1 Grand Prix,Europe,Games
UCES-00004/1.00,F1 Grand Prix,Europe,Games
ULES-00163,FIFA 06,Germany,Games
ULES-00858,Fading Shadows,Europe,Games
ULES-00894,FIFA 08,Germany,Games
ULES-01137/P,FIFA 09,Germany,Games
UCES-01245#,Gran Turismo,Europe,Games
UCES-01245/E,Gran Turismo,Europe,Games
UCES-01245/P,Gran Turismo,Europe,Games
ULES-00443,FIFA 07,Germany,Games
ULES-00342,FIFA Fussball-Weltmeisterschaft Deutschland 2006,Germany,Games
ULES-00200,Der Herr der Ringe: Taktiken,Germany,Games
ULES-01395,The Lord of the Rings: Aragorn's Quest,Europe,Games
ULES-01213,Monster Hunter Freedom Unite,Europe,Games
ULES-01213-/-0991398,Monster Hunter Freedom Unite,Europe,Games
ULES-01213/E,Monster Hunter Freedom Unite,Europe,Games
ULES-00642,Hot Pixel,Europe,Games
ULES-00993,MX vs. ATV Untamed,"Europe, Australia",Games
ULES-00993/E,MX vs. ATV Untamed,"Europe, Australia",Games
ULES-00939,Indiana Jones and the Staff of Kings,Europe,Games
ULES-00920,NBA Live 08,Europe,Games
ULES-01098,Mytran Wars,Europe,Games
ULES-00227,WWE SmackDown vs. Raw 2006,Europe,Games
ULES-00227/P,WWE SmackDown vs. Raw 2006,Europe,Games
ULES-00503,Grand Theft Auto: Vice City Stories,Germany,Games
ULES-01003,Metal Gear Solid: Portable Ops Plus,Europe,Games
ULES-00800,SBK-07: Superbike World Championship,Europe,Games
ULUS-10328,FlatOut: Head On,USA,Games
ULUS-10377,Crash: Mind over Mutant,USA,Games
ULUS-10519,BlazBlue: Calamity Trigger,USA,Games
ULES-00631,WWE SmackDown vs. Raw 2007,Europe,Games
ULES-00830,Harry Potter and the Order of the Phoenix,Europe,Games
ULUS-10568,2 Games in 1! Archer Maclean's Mercury & Mercury Meltdown,USA,Games
ULES-00665,DreamWorks Over the Hedge: Hammy Goes Nuts!,Europe,Games
ULES-01330,FIFA 10,Germany,Games
ULES-00683,Marvel Trading Card Game,Europe,Games
ULUS-10559,Z.H.P.: Unlosing Ranger vs. Darkdeath Evilman,USA,Games
UCES-01401,God of War: Ghost of Sparta,"Europe, Australia",Games
ULES-00318,Monster Hunter Freedom,"Europe, Australia",Games
ULES-00275,Pocket Racers,Europe,Games
UCES-01160,PlayStation Network Collection: Power Pack,Europe,Games
UCES-01177,Patapon 2,Europe,Games
UCES-01177/9142447,Patapon 2,Europe,Games
UCES-01177/E,Patapon 2,Europe,Games
UCES-00373,MotoGP,Europe,Games
UCES-00373-/-9686477,MotoGP,Europe,Games
UCES-00246,Passport to... Rome,Europe,Applications
ULES-00368,Micro Machines V4,Europe,Games
ULES-00301,Untold Legends: The Warrior's Code,Europe,Games
ULES-00596,The Sims 2: Pets,Europe,Games
ULES-00366,Pirates of the Caribbean: Dead Man's Chest,Europe,Games
ULES-00366/E,Pirates of the Caribbean: Dead Man's Chest,Europe,Games
ULES-00374,Pilot Academy,Europe,Games
ULUS-10560,Final Fantasy IV: The Complete Collection,USA,Games
UCES-00152,Go! Sudoku,Europe,Games
ULJS-00357,Ore no Imouto Maker EX: Imouto to Koishiyo Portable,Japan,Games
ULES-01078,Space Invaders Extreme,"Europe, Australia",Games
ULES-01020,Need for Speed: ProStreet,Europe,Games
ULES-01094,Pipe Mania,Europe,Games
ULES-01340,ObsCure: The Aftermath,Europe,Games
ULES-01266,Petz: My Baby Hamster,Europe,Games
ULES-01267,Petz: My Puppy Family,Europe,Games
ULUS-10024,Madden NFL 06,USA,Games
ULUS-10012,MVP Baseball,USA,Games
UCUS-98620,MediEvil: Resurrection,USA,Games
ULUS-10009,Tiger Woods PGA Tour,USA,Games
ULUS-10111,Pirates of the Caribbean: Dead Man's Chest,USA,Games
ULUS-10032,Harry Potter and the Goblet of Fire,USA,Games
UCUS-98729,Buzz! Master Quiz,USA,Games
UCUS-98711,Patapon,USA,Games
UCUS-98622,Neopets: Petpet Adventures: The Wand of Wishing,USA,Games
ULUS-10484,ObsCure: The Aftermath,USA,Games
ULUS-10405,Beaterator,USA,Games
ULUS-10315,The Golden Compass,USA,Games
ULUS-10309,Warriors of the Lost Empire,USA,Games
ULUS-10269,Smash Court Tennis 3,USA,Games
ULUS-10272,"Traxxpad: ""Portable Studio""",USA,Games
ULUS-10064,OutRun 2006: Coast 2 Coast,USA,Games
ULUS-10080,007: From Russia with Love,USA,Games
ULUS-10224,Sid Meier's Pirates!,USA,Games
ULUS-10416,Dynasty Warriors: Strikeforce,USA,Games
ULUS-10289,Dungeon Explorer: Warriors of Ancient Arts,USA,Games
ULES-00323,Disney/Pixar Cars,Germany,Games
ULES-00865,Naruto: Ultimate Ninja Heroes,Europe,Games
UCES-00116,Namco Museum Battle Collection,Europe,Games
UCES-00116/9181712,Namco Museum Battle Collection,Europe,Games
UCES-00116/E,Namco Museum Battle Collection,Europe,Games
ULES-00274,MX vs. ATV: On the Edge,Europe,Games
ULES-01068/E,Tom Clancy's EndWar,Europe,Games
ULES-01285#,Star Wars: The Clone Wars: Republic Heroes,Europe,Games
ULES-01285/E,Star Wars: The Clone Wars: Republic Heroes,Europe,Games
ULUS-10537,Dragon Ball Z: Tenkaichi Tag Team,USA,Games
ULES-00637,Test Drive Unlimited,Europe,Games
ULES-00637#,Test Drive Unlimited,Europe,Games
ULES-01180,Harry Potter and the Half-Blood Prince,Europe,Games
ULUS-10390,Star Wars Battlefront: Elite Squadron,USA,Games
ULES-00622,Sonic Rivals,Europe,Games
ULES-00622/E,Sonic Rivals,Europe,Games
ULES-00581,MTX Mototrax,Europe,Games
UCUS-98173,Kingdom Hearts: Birth by Sleep,USA,Games
ULUS-10505,Kingdom Hearts: Birth by Sleep,USA,Games
ULUS-10529,Phantasy Star Portable 2,USA,Games
ULUS-10123,Warhammer: Battle for Atluma,USA,Games
ULUS-10389,Spider-Man: Web of Shadows: Amazing Allies Edition,USA,Games
ULUS-10435,G.I. Joe: The Rise of Cobra,USA,Games
ULUS-10142,Harvest Moon: Boy & Girl,USA,Games
ULES-00375,Miami Vice: The Game,Europe,Games
ULES-01405,Disney/Pixar Toy Story 3,Europe,Games
ULES-01171,Crash: Mind over Mutant,Europe,Games
UCES-01245,Gran Turismo,Europe,Games
ULJM-05133,FIFA World Cup Deutsch Taikai 2006,Japan,Games
ULES-01275,Need for Speed: Shift,Europe,Games
ULAS-42260,Monster Hunter Portable 3rd,"Japan, Asia",Games
ULJM-05800,Monster Hunter Portable 3rd,"Japan, Asia",Games
ULJM-08058,Monster Hunter Portable 3rd,"Japan, Asia",Games
ULKS-46264,Monster Hunter Portable 3rd,"Japan, Asia",Games
ULES-00861,Star Wars Battlefront: Renegade Squadron,Europe,Games
ULES-00609,Justice League Heroes,Europe,Games
ULES-01357#,James Cameron's Avatar: The Game,Europe,Games
ULES-01357/E,James Cameron's Avatar: The Game,Europe,Games
ULES-00887,Thrillville: Off the Rails,Europe,Games
ULUS-10445,Tom Clancy's Ghost Recon: Predator,USA,Games
ULUS-10408,Mana Khemia: Student Alliance,USA,Games
ULES-00915,Crash of the Titans,Europe,Games
ULES-00915/E,Crash of the Titans,Europe,Games
ULES-01025,UEFA Euro 2008: Austria-Switzerland,Europe,Games
ULES-00154,Tiger Woods PGA Tour 06,Europe,Games
ULES-00824,Transformers: The Game,Europe,Games
ULES-01432,Fullmetal Alchemist: Brotherhood,Europe,Games
ULES-00388,Carol Vorderman's Sudoku,Europe,Games
ULES-00160,Pro Evolution Soccer 5,Europe,Games
ULES-01185/E,Shaun White Snowboarding,Europe,Games
ULES-00280,Nickelodeon SpongeBob SquarePants: The Yellow Avenger,Europe,Games
UCUS-98737,God of War: Ghost of Sparta,USA,Games
UCUS-98741,ModNation Racers,USA,Games
ULUS-98741,ModNation Racers,USA,Games
ULUS-10487,LEGO Indiana Jones 2: The Adventure Continues,USA,Games
ULUS-10495,Metal Slug XX,USA,Games
ULUS-10365,LEGO Indiana Jones: The Original Adventures,USA,Games
ULUS-10365GH,LEGO Indiana Jones: The Original Adventures,USA,Games
ULAS-42002,Tiger Woods PGA Tour,Asia,Games
ULES-00281#,Tom Clancy's Splinter Cell: Essentials,Europe,Games
UCKS-45045,Monster Hunter Portable 2nd,"Japan, Korea",Games
ULJM-05156,Monster Hunter Portable 2nd,"Japan, Korea",Games
UCKS-45135,Patapon 2: Don-Chaka,Korea,Games
ULKS-46164,Fantasy Golf Pangya Portable,Korea,Games
UCKS-45009,Piposarugetchu P,Korea,Games
ULES-00688,Sid Meier's Pirates!,Europe,Games
ULES-00296,World Poker Tour,Europe,Games
ULJM-05358,PC Engine Best Collection: Ginga Ojousama Densetsu Collection,Japan,Games
ULJS-00405,Ginsei Shougi Portable: Fuun Ryuuko Raiden,Japan,Games
ULES-00634,Xyanide: Resurrection,Europe,Games
ULES-00932,WWE SmackDown vs. Raw 2008,Europe,Games
ULJM-91022,Phantasy Star Portable 2 Infinity,Japan,Demos
ULES-01339,WWE SmackDown vs. Raw 2010,Europe,Games
ULES-01352,Silent Hill: Shattered Memories,Europe,Games
ULES-01409,Prince of Persia: The Forgotten Sands,Europe,Games
ULES-00600,Yu-Gi-Oh! GX: Tag Force,Europe,Games
ULES-01183,Yu-Gi-Oh! GX: Tag Force 3,Europe,Games
ULES-01474,Yu-Gi-Oh! 5D's: Tag Force 5,Europe,Games
ULES-01306,Naruto Shippuden: Legends: Akatsuki Rising,Europe,Games
ULES-00669,Arthur and the Minimoys,Europe,Games
ULES-01431,Dead or Alive: Paradise,Europe,Games
ULES-00719,Asphalt: Urban GT 2,Europe,Games
ULES-00906,Ben 10: Protector of Earth,Europe,Games
ULUS-10562,Jikandia: The Timeless Land,USA,Games
ULUS-10258,PQ2: Practical Intelligence Quotient 2,USA,Games
ULUS-10208,Taito Legends Power-Up,USA,Games
ULUS-10204,Dave Mirra BMX Challenge,USA,Games
ULUS-10191,Thrillville,USA,Games
ULUS-10139,Tekken: Dark Resurrection,USA,Games
ULUS-10139GH,Tekken: Dark Resurrection,USA,Games
ULUS-10082,FIFA World Cup Germany 2006,USA,Games
UCUS-98739,PixelJunk Monsters: Deluxe,USA,Games
ULES-01368,Marvel Super Hero Squad,Europe,Games
ULES-01512,Michael Jackson: The Experience,Europe,Games
ULES-01151,LEGO Batman: The Videogame,Europe,Games
ULES-00508/E,Open Season,Europe,Games
UCES-01411,Invizimals: Shadow Zone,Europe,Games
UCES-01411/GER,Invizimals: Shadow Zone,Europe,Games
ULES-00940,Sonic Rivals 2,Europe,Games
ULES-00940/E,Sonic Rivals 2,Europe,Games
UCES-01209,Buzz! Das große Länderquiz,Europe,Games
ULUS-10512,Shin Megami Tensei: Persona 3 Portable,USA,Games
ULUS-10531,LEGO Star Wars III: The Clone Wars,USA,Games
ULUS-10508,UFC Undisputed 2010,USA,Games
ULUS-10481,Yu-Gi-Oh! 5D's: Tag Force 4,USA,Games
ULUS-10468,Puzzle Chronicles,USA,Games
ULES-00808,Silverfall,Europe,Games
ULES-00023,Spider-Man 2,Europe,Games
ULES-00901,Spider-Man: Freund oder Feind,Germany,Games
ULES-00146,Kao Challengers,Europe,Games
ULES-00276,Street Riders,Europe,Games
ULES-01402,Split/Second: Velocity,Europe,Games
ULES-00453,World Snooker Challenge 2007,Europe,Games
ULES-00991,World Series of Poker 2008: Battle for the Bracelets,Europe,Games
ULES-01500,Tactics Ogre: Let Us Cling Together,Europe,Games
ULES-00845,Tiger Woods PGA Tour 08,Europe,Games
UCES-00018,Twisted Metal: Head-On,Europe,Games
ULES-00224,World Series of Poker,Europe,Games
UCES-00786/E,ATV Offroad Fury Pro,Europe,Games
ULES-00755,Diner Dash,Europe,Games
ULES-00736,Disney/Pixar Ratatouille,Germany,Games
ULES-00198,The Lord of the Rings: Tactics,Europe,Games
UCES-01502,Mega Minis Volume 1,Europe,Games
UCES-01504,Mega minis Volume 3,Europe,Games
ULUS-10306,Thrillville: Off the Rails,USA,Games
ULES-01090,International Athletics,Europe,Games
ULES-01415,DreamWorks Megamind: The Blue Defender,Europe,Games
ULES-01466,Bakugan: Defenders of the Core,Europe,Games
UCES-01327,ModNation Racers,Europe,Games
UCES-01421,Patapon 3,Europe,Games
UCES-00206,World Tour Soccer 2,Europe,Games
UCUS-98655,Pursuit Force,USA,Demos
UCUS-90678,Madden NFL 12,USA,Games
ULUS-10581,Madden NFL 12,USA,Games
ULUS-10301,Hellboy: The Science of Evil,USA,Games
ULUS-10385,Cabela's Legendary Adventures,USA,Games
ULUS-10518,Naruto Shippuden: Ultimate Ninja Heroes 3,USA,Games
ULUS-10584,Shin Megami Tensei: Persona 2: Innocent Sin,USA,Games
ULUS-10345,Star Wars: The Force Unleashed,USA,Games
ULUS-10345GH,Star Wars: The Force Unleashed,USA,Games
ULUS-10112,FIFA Soccer 07,USA,Games
UCUS-98715,NBA 09: The Inside,USA,Games
ULUS-10127,Rengoku II: The Stairway to H.E.A.V.E.N.,USA,Games
ULUS-10087,Viewtiful Joe: Red Hot Rumble,USA,Games
ULUS-10057,Bust-A-Move: Deluxe,USA,Games
ULUS-10054,Infected,USA,Games
ULUS-10008,NFL Street 2: Unleashed,USA,Games
UCUS-98626,NBA 06,USA,Games
ULUS-10478,Nickelodeon SpongeBob's Truth or Square,USA,Games
ULUS-10330,MX vs. ATV Untamed,USA,Games
ULUS-10072,Peter Jackson's King Kong: The Official Game of the Movie,USA,Games
ULUS-10053,Star Wars: Battlefront II,USA,Games
ULUS-10053GH,Star Wars: Battlefront II,USA,Games
ULUS-10071,MX vs. ATV: On the Edge,USA,Games
ULUS-10029,FIFA Soccer 06,USA,Games
ULUS-10010,NBA Street Showdown,USA,Games
ULUS-10470,Steambot Chronicles: Battle Tournament,USA,Games
UCUS-98676,World Tour Soccer 06,USA,Demos
ULES-00772,Alien Syndrome,Europe,Games
ULES-00037,NBA Street Showdown,Europe,Games
ULES-01100,Pro Cycling Season 2008: Le Tour de France,Europe,Games
ULES-01140,FIFA 09,Russia,Games
ULES-00594,Rainbow Islands Evolution,Europe,Games
ULUS-10015,Spider-Man 2,USA,Games
ULES-01176,PES 2009: Pro Evolution Soccer,Europe,Games
ULES-01176/P,PES 2009: Pro Evolution Soccer,Europe,Games
ULUS-10349,Naruto: Ultimate Ninja Heroes 2: The Phantom Fortress,USA,Games
ULUS-10451,James Cameron's Avatar: The Game,USA,Games
ULUS-10543,WWE SmackDown vs. Raw 2011,USA,Games
ULUS-10555,Yu-Gi-Oh! 5D's: Tag Force 5,USA,Games
ULUS-10563,Gods Eater Burst,USA,Games
ULUS-10527,Blazing Souls Accelate,USA,Games
ULUS-10533,Cabela's North American Adventures,USA,Games
ULUS-10312,Juiced 2: Hot Import Nights,USA,Games
ULUS-10379,Monster Jam: Urban Assault,USA,Games
ULUS-10475,The Lord of the Rings: Aragorn's Quest,USA,Games
ULUS-10333,Luxor: Pharaoh's Challenge,USA,Games
ULUS-10335,Chessmaster: The Art of Learning,USA,Games
ULUS-10564,Michael Jackson: The Experience,USA,Games
ULUS-10530,Monster Jam: Path of Destruction,USA,Games
ULUS-10232,Dungeons & Dragons: Tactics,USA,Games
ULUS-10436,TNA Impact! Cross the Line,USA,Games
UCUS-98617,Gangs of London,USA,Games
UCAS-40222,LocoRoco 2,Asia,Games
UCKS-45103,LocoRoco 2,Asia,Games
ULUS-10463,Petz: Dogz Family,USA,Games
ULUS-10446,Petz: Hamsterz Bunch,USA,Games
ULUS-10520,DreamWorks Megamind: The Blue Defender,USA,Games
ULUS-10565,Tactics Ogre: Let Us Cling Together,USA,Games
ULUS-10226,World Championship Cards,USA,Games
ULUS-10499,Shepherd's Crossing,USA,Games
ULUS-10552,NBA 2K11,USA,Games
UCUS-98758,MLB 11: The Show,USA,Games
ULUS-10534,Despicable Me: The Game,USA,Games
ULUS-10406,DT Carnage,USA,Games
UCJS-10017,Bleach: Heat the Soul 2,Japan,Games
UCAS-40337,BlazBlue: Continuum Shift II,Asia,Games
ULUS-10538,DJ Max Portable 3,USA,Games
ULUS-10109,Miami Vice: The Game,USA,Games
UCKS-45008,WipEout Pure,Korea,Games
ULUS-10215,Steel Horizon,USA,Games
ULUS-10250,Legend of the Dragon,USA,Games
ULUS-10566,Dissidia 012: Duodecim Final Fantasy,USA,Games
UCUS-98746,Invizimals,USA,Games
ULUS-10567,The 3rd Birthday,USA,Games
ULUS-10294,NBA Live 08,USA,Games
ULUS-10573,Major League Baseball 2K11,USA,Games
ULUS-10393,Dungeon Maker II: The Hidden War,USA,Games
ULUS-10249,Test Drive Unlimited,USA,Games
ULES-00124,Coded Arms,Europe,Games
UCED-00150,Pursuit Force,Europe,Demos
UCES-01134,PlayChapas Football Edition,Spain,Games
UCES-01525,Invizimals: The Lost Tribes,Europe,Games
ULES-01308,NBA Live 10,Europe,Games
ULES-00440,FIFA 07,Europe,Games
ULES-01139,FIFA 09,Spain,Games
ULES-00165,FIFA 06,Spain,Games
ULES-01149,NBA Live 09,Spain,Games
UCES-00045,Ape Escape,Europe,Games
UCES-00010,Ape Academy,Europe,Games
ULES-01152,Football Manager Handheld 2009,Europe,Games
ULES-00464,NBA Live 07,Spain,Games
ULES-01493,Patito Feo,Europe,Games
ULES-01166,WWE SmackDown vs. Raw 2009,Europe,Games
ULUS-10571,Naruto Shippuden: Kizuna Drive,USA,Games
UCUS-98742,MLB 10: The Show,USA,Games
ULUS-10402,Petz: Saddle Club,USA,Games
ULUS-10337,UEFA Euro 2008: Austria-Switzerland,USA,Games
ULJS-00091,Maplus: Portable Navi,Japan,Games
ULES-01507,Lord of Arcana,Europe,Games
ULES-01383,Adventures to Go!,Europe,Games
ULES-01302,Cover Girl,Europe,Games
ULES-00722,Cube,Europe,Games
ULES-00727/E,Disney Pirates of the Caribbean: At World's End,Europe,Games
ULES-01230,Blood Bowl,Europe,Games
ULES-00636,Championship Manager 2007,Europe,Games
ULES-00565,M.A.C.H.: Modified Air Combat Heroes,Europe,Games
ULES-00924,Warriors of the Lost Empire,Europe,Games
ULES-01513,The 3rd Birthday,Europe,Games
ULES-01513/E,The 3rd Birthday,Europe,Games
ULES-00219,Armored Core: Formula Front Extreme Battle,Europe,Games
ULUS-10541,Madden NFL 11,USA,Games
UCES-01313#,Echoshift,Europe,Games
ULES-00379,Juiced: Eliminator,Europe,Games
ULES-00484,Gun Showdown,Europe,Games
UCES-01321,Ghostbusters: The Video Game,Europe,Games
ULES-00175,Frantix,Europe,Games
ULES-00968,FlatOut: Head On,Europe,Games
ULUS-10585,NBA 2K12,USA,Games
ULUS-10413,Major League Baseball 2K9,USA,Games
ULES-00156,NBA Live 06,Europe,Games
ULES-00963,Off Road,"Europe, Australia",Games
UCES-00420,Ratchet & Clank: Size Matters,"Europe, Australia",Games
UCES-00420/E,Ratchet & Clank: Size Matters,"Europe, Australia",Games
ULES-00400,El Padrino,Spain,Games
ULES-00545,Scarface: Money. Power. Respect.,Europe,Games
ULES-01556,The Legend of Heroes: Trails in the Sky,Europe,Games
ULES-00699,UEFA Champions League 2006-2007,Europe,Games
ULES-00239,Street Supremacy,Europe,Games
ULES-00759,TMNT,Europe,Games
ULES-00759/E,TMNT,Europe,Games
ULES-01274,Pro Cycling Season 2009: Le Tour de France,Europe,Games
ULES-01088,Naruto: Ultimate Ninja Heroes 2: The Phantom Fortress,Europe,Games
ULES-01362,Yu-Gi-Oh! 5D's: Tag Force 4,Europe,Games
ULES-00123,Rengoku: The Tower of Purgatory,Europe,Games
UCES-01511,White Knight Chronicles: Origins,Europe,Games
ULES-00693/E,Spinout,Europe,Games
ULES-00770,Tom Clancy's Ghost Recon: Advanced Warfighter 2,Europe,Games
ULES-00757,Spectral vs. Generation,Europe,Games
ULES-01439,Phantasy Star Portable 2,Europe,Games
ULES-01521,Final Fantasy IV: The Complete Collection,Europe,Games
ULES-00914,King of Clubs,Europe,Games
ULES-00760,Heatseeker,Europe,Games
ULUS-10278,NHRA Drag Racing: Countdown to the Championship,USA,Games
ULUS-10580,LEGO Harry Potter: Years 5-7,USA,Games
ULES-00711,Xiaolin Showdown,Europe,Games
ULES-01390,Undead Knights,Europe,Games
ULES-01381,Army of Two: The 40th Day,Europe,Games
ULES-00814,Brian Lara 2007: Pressure Play,Europe,Games
ULES-00174,Championship Manager,Europe,Games
ULES-00330,Championship Manager 2006,Europe,Games
ULES-00177,Gripshift,Europe,Games
ULES-01070,Iron Man,Europe,Games
ULES-00973,The Fast and the Furious,Europe,Games
ULES-00739,Steel Horizon,Europe,Games
ULES-00739/7062159,Steel Horizon,Europe,Games
UCES-00855,SOCOM: U.S. Navy SEALs: Tactical Strike,Europe,Games
ULES-00753,After Burner: Black Falcon,Europe,Games
ULES-01301,Colin McRae: DiRT 2,Europe,Games
ULES-00721,Dungeons & Dragons: Tactics,Europe,Games
UCES-01420,Everybody's Tennis,Europe,Games
ULUS-10532,Rapala Pro Bass Fishing,USA,Games
ULUS-10591,Major League Baseball 2K12,USA,Games
ULUS-10476,IL-2 Sturmovik: Birds of Prey,USA,Games
ULJM-05450,Sunday vs. Magazine Shuuketsu! Choujou Daikessen,Japan,Games
UCJS-10048,Jeanne d'Arc,Japan,Games
HSN-0019,Phantasy Star Portable 2 Infinity,Japan,Games
ULJM-05732,Phantasy Star Portable 2 Infinity,Japan,Games
ULJS-00065,SD Gundam: GGeneration Portable,Japan,Games
ULJS-19022,SD Gundam: GGeneration Portable,Japan,Games
ULES-00704,Free Running,Europe,Games
ULES-00035/E,Tony Hawk's Underground 2 Remix,Germany,Games
ULES-00925,Yu-Gi-Oh! GX: Tag Force 2,Europe,Games
ULJM-05900,Final Fantasy Reishiki (Disc 1),Japan,Games
ULJM-06217,Final Fantasy Reishiki (Disc 1),Japan,Games
ULJM-05901,Final Fantasy Reishiki (Disc 2),Japan,Games
ULJM-06218,Final Fantasy Reishiki (Disc 2),Japan,Games
ULAS-42218,Metal Gear Solid: Peace Walker,"Japan, Asia",Games
ULJM-05630,Metal Gear Solid: Peace Walker,"Japan, Asia",Games
ULJM-08038,Metal Gear Solid: Peace Walker,"Japan, Asia",Games
ULKS-46239,Metal Gear Solid: Peace Walker,"Japan, Asia",Games
GOEC-0001,Ragnarok: Hikari to Yami no Koujo,Japan,Games
ULJM-05880,Ragnarok: Hikari to Yami no Koujo,Japan,Games
ULJS-00444,Super Robot Taisen OG Saga: Masoukishin II: Revelation of Evil God,"Japan, Korea",Games
ULJS-00446,Super Robot Taisen OG Saga: Masoukishin II: Revelation of Evil God,"Japan, Korea",Games
ULKS-46282,Super Robot Taisen OG Saga: Masoukishin II: Revelation of Evil God,"Japan, Korea",Games
ULUS-10280,Manhunt 2,"USA, Canada",Games
ULUS-10280F,Manhunt 2,"USA, Canada",Games
ULJS-00155,Samurai Dou Portable,Japan,Games
ULJM-05938,Shin Sangoku Musou 6 Special (Disc 1),Japan,Games
ULJM-08061,Shin Sangoku Musou 6 Special (Disc 1),Japan,Games
ULJM-05939,Shin Sangoku Musou 6 Special (Disc 2),Japan,Games
ULJM-08062,Shin Sangoku Musou 6 Special (Disc 2),Japan,Games
ULJM-05899,Eiyuu Densetsu: Ao no Kiseki,Japan,Games
ULJS-00379,Dai-2-Ji Super Robot Taisen Z Hakai-hen,Japan,Games
ULJS-00352,Dai-2-Ji Super Robot Taisen Z Hakai-hen,Japan,Games
ULJS-00018,Tenchu: Shinobi Taizen,Japan,Games
ULJS-19007,Tenchu: Shinobi Taizen,Japan,Games
UCUS-98621,The Con,USA,Games
UCUS-98638,SOCOM: U.S. Navy SEALs: Fireteam Bravo,USA,Demos
UCUS-98648,ATV Offroad Fury Pro,USA,Games
UCUS-98751,Patapon 3,USA,Games
ULUS-10065,Worms: Open Warfare,USA,Games
ULAS-42298,Hatsune Miku: Project Diva Extend,"Japan, Asia",Games
ULJM-05933,Hatsune Miku: Project Diva Extend,"Japan, Asia",Games
ULUS-10078,NBA Ballers: Rebound,USA,Games
ULUS-10089,Samurai Warriors: State of War,USA,Games
ULUS-10254,Ultimate Board Game Collection,USA,Games
ULUS-10321,World Series of Poker 2008: Battle for the Bracelets,USA,Games
ULUS-10346,Space Invaders Extreme,USA,Games
ULUS-10528,Gladiator Begins,USA,Games
UCUS-98645,SOCOM: U.S. Navy SEALs: Fireteam Bravo 2,USA,Games
UCUS-98667,MLB 07: The Show,USA,Games
UCUS-98703,Pursuit Force: Extreme Justice,USA,Games
UCUS-98730,MLB 09: The Show,USA,Games
ULUS-10044,Crash Tag Team Racing,USA,Games
ULUS-10045,X-Men Legends II: Rise of Apocalypse,USA,Games
ULUS-10056,World Tour Soccer: Winning Eleven 9,USA,Games
ULUS-10090,Juiced: Eliminator,USA,Games
ULUS-10096,Race Driver 2006,USA,Games
ULUS-10098,The Godfather: Mob Wars,USA,Games
ULUS-10113,NBA Live 07,USA,Games
ULUS-10214,Justice League Heroes,USA,Games
ULUS-10485,Marvel Super Hero Squad,USA,Games
ULUS-10575,LEGO Pirates of the Caribbean: The Video Game,USA,Games
ULUS-10576,Fate/Extra,USA,Games
ULUS-10582,Naruto Shippuden: Ultimate Ninja Impact,USA,Games
UCUS-98714,SOCOM: U.S. Navy SEALs: Tactical Strike,USA,Demos
UCUS-98681,ATV Offroad Fury Pro,USA,Demos
UCUS-98656,Syphon Filter: Dark Mirror,USA,Demos
UCUS-98685,LocoRoco,USA,Demos
ULJS-00401,Ro-Kyu-Bu!,Japan,Games
ULJS-00573,Ro-Kyu-Bu!,Japan,Games
ULJM-05940,Yu-Gi-Oh! 5D's: Tag Force 6,Japan,Games
UCUS-98721,Patapon,USA,Demos
ULAS-42219,Geki Sengoku Musou,"Japan, Asia",Games
ULJM-05071,Geki Sengoku Musou,"Japan, Asia",Games
ULJM-08012,Geki Sengoku Musou,"Japan, Asia",Games
ULJS-00042,Magna Carta Portable,Japan,Games
ULJS-19012,Magna Carta Portable,Japan,Games
ULES-01037,7 Wonders of the Ancient World,Europe,Games
ULES-00640,Activision Hits Remixed,Europe,Games
ULES-00451,50 Cent: Bulletproof: G-Unit Edition,Europe,Games
ULES-01408,Ace Combat: Joint Assault,Europe,Games
ULES-00527,Astérix & Obélix XXL 2,Europe,Games
ULJM-05955,Fairy Tail: Zerefu Kakusei,Japan,Games
ULES-01413,2010 FIFA World Cup South Africa,Europe,Games
ULES-01189,Ben 10: Alien Force,Europe,Games
ULES-01478,FIFA 11,Germany,Games
UCES-01157,Buzz! Brain Bender,Europe,Games
UCES-01157/POR,Buzz! Brain Bender,Europe,Games
ULES-00708,UEFA Champions League 2006-2007,Germany,Games
ULES-01354,PES 2010: Pro Evolution Soccer,Europe,Games
ULES-00522,BattleZone,Europe,Games
ULES-01016,Blokus Portable: Steambot Championship,Europe,Games
ULES-00959,Bomberman Land,Europe,Games
UCES-01199,Buzz! Deutschlands Superquiz,Germany,Games
ULES-01179,Military History: Commander: Europe at War,Europe,Games
ULES-00170,Crash Tag Team Racing,Germany,Games
UCES-01449,Buzz! The Ultimate Music Quiz,Europe,Games
UCES-01031,Buzz! Master Quiz,Europe,Games
ULES-00541,Blade Dancer: Lineage of Light,Europe,Games
ULJM-05265,Goku Makaimura Kai,Japan,Games
ULJM-05366,Goku Makaimura Kai,Japan,Games
ULJS-00376,Queen's Gate: Spiral Chaos,Japan,Games
ULJS-00377,Queen's Gate: Spiral Chaos,Japan,Games
UCJS-10001,Minna no Golf Portable,Japan,Games
UCJS-18001,Minna no Golf Portable,Japan,Games
ULES-00639,Super Fruit Fall,Europe,Games
ULES-00364,Super Monkey Ball Adventure,Europe,Games
ULES-00635,World Championship Poker 2 featuring Howard Lederer,Europe,Games
ULES-00021,World Snooker Challenge 2005,Europe,Games
ULES-01322,FIFA 10,Europe,Games
ULES-00549,Football Manager Handheld 2007,Europe,Games
ULJS-00001,Ridge Racers,Japan,Games
ULJS-19002,Ridge Racers,Japan,Games
ULES-00647,Capcom Puzzle World,Europe,Games
UCES-01534,Disney/Pixar Cars 2,Europe,Games
UCES-01534/9271918,Disney/Pixar Cars 2,Europe,Games
UCES-01534/POR,Disney/Pixar Cars 2,Europe,Games
ULES-01333,Disney/Pixar Cars: Race-O-Rama,Europe,Games
ULES-01239,Disney G-Force,Europe,Games
ULES-01387,Dante's Inferno,Germany,Games
ULES-01456,Dragon Ball Z: Tenkaichi Tag Team,Europe,Games
ULES-00270,Fight Night Round 3,Europe,Games
ULES-00270/E,Fight Night Round 3,Europe,Games
ULES-01471,Ben 10: Ultimate Alien: Cosmic Destruction,Europe,Games
ULES-00550,Cabela's Dangerous Hunts: Ultimate Challenge,Europe,Games
ULES-01024,CID the Dummy,Europe,Games
ULES-00718,Coded Arms: Contagion,Europe,Games
ULES-00811,Crazy Taxi: Fare Wars,Europe,Games
ULES-00773,Dave Mirra BMX Challenge,Europe,Games
ULES-00144,Death Jr.,Europe,Games
ULES-00582,Death Jr. II: Root of Evil,Europe,Games
ULES-01547,FIFA 12,Germany,Games
ULES-00952,Der Goldene Kompass,Germany,Games
UCES-01536,The Mystery Team,Europe,Games
UCES-01536/POR,The Mystery Team,Europe,Games
UCJS-10008,Bleach: Heat the Soul,Japan,Games
ULJS-00328,Toaru Majutsu no Index,Japan,Games
ULJM-05287,Akumajou Dracula X: Chronicle,Japan,Games
ULJM-05548,Akumajou Dracula X: Chronicle,Japan,Games
NW10107630,Ys Seven,Japan,Games
ULJM-05475,Ys Seven,Japan,Games
ULAS-42087,Metal Gear Solid: Portable Ops,"Japan, Asia",Games
ULJM-05193,Metal Gear Solid: Portable Ops,"Japan, Asia",Games
ULJM-05573,Metal Gear Solid: Portable Ops,"Japan, Asia",Games
ULJM-08016,Metal Gear Solid: Portable Ops,"Japan, Asia",Games
UCAS-40248,Kamen no Maid Guy: Boyoyon Battle Royale,"Japan, Asia",Games
ULJM-05418,Kamen no Maid Guy: Boyoyon Battle Royale,"Japan, Asia",Games
UCJS-10060,Saru! Get You! SaruSaru Daisakusen,Japan,Games
UCJS-18029,Saru! Get You! SaruSaru Daisakusen,Japan,Games
ULJS-00093,Tales of the World: Radiant Mythology,Japan,Games
ULJS-19019,Tales of the World: Radiant Mythology,Japan,Games
ULJM-05260,Yu-Gi-Oh! Duel Monsters GX: Tag Force 2,Japan,Games
ULJS-00460,Dai-2-Ji Super Robot Taisen Z Saisei-hen,Japan,Games
ULES-00026,Dynasty Warriors,Europe,Games
ULES-01388,Dante's Inferno,Spain,Games
UCAS-40156,Tenchi no Mon 2: Busouden,Asia,Games
UCJB-98012,Chotto Shot Edit,Japan,Games
ULJM-05425,Tenchu 4,Japan,Games
ULJM-05164,Dungeon Explorer: Meiyaku no Tobira,Japan,Games
ULJS-00190,Queen's Blade: Spiral Chaos,Japan,Games
ULJS-00361,Danball Senki,Japan,Games
ULJS-00468,Battle Dodgeball 3,Japan,Games
ULJS-00467,Great Battle Fullblast,Japan,Games
ULJM-05814,Dissidia 012: Duodecim Final Fantasy,Japan,Games
ULJM-06121,Dissidia 012: Duodecim Final Fantasy,Japan,Games
ULJM-05281,Silent Hill Zero,Japan,Games
UCAS-40140,Rezel Cross,Asia,Games
UCAS-40290,Everybody's Stress Buster,Asia,Games
UCKS-45145,Everybody's Stress Buster,Asia,Games
UCAS-40198,God of War: Chains of Olympus,Asia,Games
UCAS-40329,Dissidia 012: Duodecim Final Fantasy,Asia,Games
UCKS-45166,Dissidia 012: Duodecim Final Fantasy,Asia,Games
UCAS-40258,Bleach: Heat the Soul 6,Asia,Games
UCAS-40037,Bounty Hounds,Asia,Games
UCAS-40262,LittleBigPlanet,Asia,Games
ULJS-00055,Naruto: Narutimate Portable: Mugenjou no Maki,Japan,Games
ULAS-42164,Musou Orochi: Maou Sairin Enhanced Version,Asia,Games
ULKS-46122,Audition Portable,Korea,Games
ULES-00592,EA Replay,Europe,Games
ULES-00817,Surf's Up,Europe,Games
ULES-00957,Skate Park City,Europe,Games
ULES-00641,NFL Street 3,Europe,Games
ULES-01096#,PDC World Championship Darts,Europe,Games
ULES-00472,ProStroke Golf: World Tour 2007,Europe,Games
ULES-00670,Rocky Balboa,Europe,Games
ULES-00612,Reel Fishing: The Great Outdoors,Europe,Games
ULES-01093,Madden NFL 09,Europe,Games
ULES-00147,Madden NFL 06,Europe,Games
ULES-00867,Madden NFL 08,Europe,Games
ULES-01342,NBA 2K10,Europe,Games
ULES-01488,NBA 2K11,Europe,Games
ULES-01554,NBA 2K12,Europe,Games
ULES-00462,NBA Live 07,Europe,Games
ULES-01468,PES 2011: Pro Evolution Soccer,Europe,Games
ULES-01541,PES 2012: Pro Evolution Soccer,Europe,Games
UCAS-40018,Tenchi no Mon,Asia,Games
UCAS-40278,Minna no Sukkiri,Asia,Games
ULJM-05328,Mystereet Portable: Yasogami Kaoru no Chousen!,Japan,Games
ULAS-42244,Kurohyou: Ryuu ga Gotoku Shinshou,"Japan, Asia",Games
ULJM-05713,Kurohyou: Ryuu ga Gotoku Shinshou,"Japan, Asia",Games
ULJM-08047,Kurohyou: Ryuu ga Gotoku Shinshou,"Japan, Asia",Games
ULJS-00384,Mahou Shoujo Lyrical Nanoha A's Portable: The Gears of Destiny,Japan,Games
ULJS-00385,Mahou Shoujo Lyrical Nanoha A's Portable: The Gears of Destiny,Japan,Games
ULJM-05767,Lord of Arcana,Japan,Games
ULAS-42155,Kidou Senshi Gundam: Senjou no Kizuna Portable,"Japan, Asia",Games
ULJS-00181,Kidou Senshi Gundam: Senjou no Kizuna Portable,"Japan, Asia",Games
ULJS-00292,Hagane no Renkinjutsushi: Yakusoku no Hi e,Japan,Games
ULES-00319,Disney/Pixar Cars,Europe,Games
ULES-00319#,Disney/Pixar Cars,Europe,Games
ULES-00319/P,Disney/Pixar Cars,Europe,Games
UCES-00881,Go!Explore,UK,Applications
UCES-01241,Invizimals,Europe,Games
ULKS-46142,Astonishia Story 2,Korea,Games
UCAS-40269,Shin Seiki Evangelion: Battle Orchestra Portable,Asia,Games
ULJM-05080,Viewtiful Joe: Battle Carnival,Japan,Games
ULAS-42149,Monster Hunter Portable 2nd G,"Japan, Asia",Games
ULJM-05500,Monster Hunter Portable 2nd G,"Japan, Asia",Games
ULJM-08019,Monster Hunter Portable 2nd G,"Japan, Asia",Games
ULJM-08025,Monster Hunter Portable 2nd G,"Japan, Asia",Games
ULKS-46177,Monster Hunter Portable 2nd G,"Japan, Asia",Games
ULJM-05436,Sengoku Basara: Battle Heroes,Japan,Games
ULJM-08031,Sengoku Basara: Battle Heroes,Japan,Games
ULES-01048,Crisis Core: Final Fantasy VII,Spain,Games
ULAS-42293,Evangelion Shin Gekijou-ban: 3nd Impact,"Japan, Asia",Games
ULJS-00407,Evangelion Shin Gekijou-ban: 3nd Impact,"Japan, Asia",Games
ULJS-00408,Evangelion Shin Gekijou-ban: 3nd Impact,"Japan, Asia",Games
ULAS-42285,MonHun Nikki: Poka Poka Ailu Mura G,"Japan, Asia",Games
ULJM-05881,MonHun Nikki: Poka Poka Ailu Mura G,"Japan, Asia",Games
ULES-00215,Harry Potter and the Goblet of Fire,Europe,Games
ULES-00619,Super Pocket Tennis,Europe,Games
ULES-01226,X-Men Origins: Wolverine,Europe,Games
ULES-01494,Disney TRON: Evolution,Europe,Games
ULES-01472,WWE SmackDown vs. Raw 2011,Europe,Games
ULES-01510,WWE All Stars,Europe,Games
ULES-01510/E,WWE All Stars,Europe,Games
ULES-01519,Gods Eater Burst,Europe,Games
ULES-01410,UFC Undisputed 2010,Europe,Games
ULES-01318,Cloudy with a Chance of Meatballs,Europe,Games
ULES-00910/E,Sega Rally,Europe,Games
ULKS-46209,Mussang Orochi: Mawang Jaerim Plus,Korea,Games
ULKS-46084,Jin Samguk Mussang 2nd Evolution,Korea,Games
ULKS-46130,Jin Samguk Mussang 2nd Evolution,Korea,Games
UCAS-40256,Dragonball: Evolution,Asia,Games
ULKS-46012,Jin Samguk Mussang,Korea,Games
ULKS-46013,Sincheon Magye: GOC IV: Another Side,Korea,Games
ULES-00530,Metal Slug Anthology,Europe,Games
ULKS-46038,SSX on Tour,Korea,Games
ULKS-46023,Virtua Tennis: World Tour,Korea,Games
ULKS-46006,MVP Baseball,Korea,Games
ULKS-46004,Need for Speed: Underground Rivals,Korea,Games
ULKS-46003,Armored Core: Formula Front,Korea,Games
ULKS-46001,Kollon,Korea,Games
ULAS-42256,World Soccer Winning Eleven 2011,Asia,Games
UCAS-40133,Hot Shots Golf: Open Tee,Asia,Games
ULAS-42146,Need for Speed: Undercover,Asia,Games
ULAS-42129,Need for Speed: ProStreet,Asia,Games
ULES-00615,DTM Race Driver 3: Challenge,Europe,Games
ULES-00827,Hellboy: The Science of Evil,Europe,Games
ULES-01164,King of Pool,Europe,Games
ULES-01392,Disgaea 2: Dark Hero Days,Europe,Games
ULES-01017,Ultimate Board Game Collection,Europe,Games
ULES-00309,Dragon Ball Z: Shin Budokai,Europe,Games
ULES-00789,Dragon Ball Z: Shin Budokai 2,Europe,Games
ULES-01004,Dragoneer's Aria,Europe,Games
ULES-00999,Disgaea: Afternoon of Darkness,Europe,Games
ULES-01248,Diabolik: The Original Sin,Europe,Games
ULES-01497,BlazBlue: Calamity Trigger,Europe,Games
UCUS-98641,Syphon Filter: Dark Mirror,USA,Games
UCKS-45124,MotorStorm: Arctic Edge,Korea,Games
UCKS-45065,R-Type Tactics,Korea,Games
UCKS-45016,Chase Cop: Pursuit Force,Korea,Games
UCKS-45044,Talkman Yeongeohoehwa Sudajaeng English,Korea,Educational
ULAS-42270,Star Driver: Kagayaki no Takuto: Ginga Bishounen Densetsu,"Japan, Asia",Games
ULJS-00368,Star Driver: Kagayaki no Takuto: Ginga Bishounen Densetsu,"Japan, Asia",Games
UCAS-40254,Utawarerumono Portable,"Japan, Asia",Games
ULJM-05457,Utawarerumono Portable,"Japan, Asia",Games
ULJM-05458,Utawarerumono Portable,"Japan, Asia",Games
UCAS-40231,Kenka Banchou 3: Zenkoku Seiha,"Japan, Asia",Games
ULJS-00166,Kenka Banchou 3: Zenkoku Seiha,"Japan, Asia",Games
UCAS-40300,Kenka Banchou 4: Ichinen Sensou,"Japan, Asia",Games
ULJS-00268,Kenka Banchou 4: Ichinen Sensou,"Japan, Asia",Games
ULJS-19046,Kenka Banchou 4: Ichinen Sensou,"Japan, Asia",Games
UCAS-40277,Samurai Dou 2 Portable,Asia,Games
UCKS-45007,Hg Hydrium,Korea,Games
UCKS-45011,Tenchi no Mon,Korea,Games
UCJS-10110,Bleach: Heat the Soul 7,Japan,Games
ULJS-00074,Quiz Kidou Senshi Gundam Toi Senshi Deluxe,Japan,Games
ULJS-00253,Fate/Extra,Japan,Games
ULJS-00254,Fate/Extra,Japan,Games
UCKS-45005,Namco Museum,Korea,Games
UCKS-45006,Vulcanus: Seek & Destroy,Korea,Games
UCKS-45004,Everybody's Golf,Korea,Games
UCKS-45049,Everybody's Golf,Korea,Games
UCKS-45003,Piposaru Academia: Sagomungchi Neungryeokpyeongga Wanjeonjeongbog,Korea,Games
UCKS-45027,Tekken: Dark Resurrection,Korea,Games
UCKS-45069,Tekken: Dark Resurrection,Korea,Games
UCKS-45076,Patapon,Korea,Games
UCKS-45099,Patapon,Korea,Games
UCKS-45140,P3P: Yeosin Jeonsaeng: Persona 3 Portable,Korea,Games
UCKS-45175,P3P: Yeosin Jeonsaeng: Persona 3 Portable,Korea,Games
UCKS-45084,God of War: Chains of Olympus,Korea,Games
UCKS-45155,God of War: Chains of Olympus,Korea,Games
UCKM-84002,Glorace: Phantastic Carnival,Korea,Games
UCKS-45001,Glorace: Phantastic Carnival,Korea,Games
ULUS-10282,Dungeon Maker: Hunting Ground,USA,Games
ULUS-10257,Brooktown High,USA,Games
UCAS-40268,Armored Core 3 Portable,"Japan, Asia",Games
ULJM-05492,Armored Core 3 Portable,"Japan, Asia",Games
ULAS-42239,Naruto Shippuuden: Kizuna Drive,"Japan, Asia",Games
ULJS-00291,Naruto Shippuuden: Kizuna Drive,"Japan, Asia",Games
ULES-00956/E,Medal of Honor: Heroes 2,Europe,Games
ULES-01370,LEGO Indiana Jones 2: The Adventure Continues,Europe,Games
ULES-01370#2,LEGO Indiana Jones 2: The Adventure Continues,Europe,Games
ULES-00897,Jackass: The Game,Europe,Games
ULES-00207,Frogger: Helmet Chaos,Europe,Games
ULES-00806,Practical IQ: Test Your Intelligence,Europe,Games
ULES-00606,Dynasty Warriors Vol. 2,Germany,Games
ULES-00630,Ghost Rider,Europe,Games
ULES-00661,Final Armada,Europe,Games
ULES-01505,Dissidia 012: Duodecim Final Fantasy,Europe,Games
ULES-00601,Family Guy: Video Game!,Europe,Games
ULES-00820,Generation of Chaos,Europe,Games
ULES-01221,Dynasty Warriors: Strikeforce,Europe,Games
ULAS-42289,World Soccer Winning Eleven 2012,Asia,Games
ULES-01397,Hello Kitty: Puzzle Party,Europe,Games
UCES-01503,Mega Minis Volume 2,Europe,Games
ULES-01026,N Plus,Europe,Games
ULES-01303,Hannah Montana: Rock Out the Show,Europe,Games
ULES-01375,MX vs. ATV Reflex,Europe,Games
UCES-01225,Jak and Daxter: The Lost Frontier,Europe,Games
UCES-01225/E,Jak and Daxter: The Lost Frontier,Europe,Games
UCES-01225/P,Jak and Daxter: The Lost Frontier,Europe,Games
UCES-01225/POL,Jak and Daxter: The Lost Frontier,Europe,Games
ULES-01254,Disney/Pixar Oben,Germany,Games
ULES-01528,LEGO Pirates of the Caribbean: The Video Game,Europe,Games
ULAS-42297,Naruto Shippuuden: Narutimate Impact,"Japan, Asia",Games
ULJS-00390,Naruto Shippuuden: Narutimate Impact,"Japan, Asia",Games
ULJS-19071,Naruto Shippuuden: Narutimate Impact,"Japan, Asia",Games
UCAS-40242,The Idolmaster SP: Wandering Star,"Japan, Asia",Games
ULJS-00168,The Idolmaster SP: Wandering Star,"Japan, Asia",Games
ULAS-42120,Medal of Honor: Heroes 2,Asia,Games
UCUS-98664,PSP System Kiosk Disc #3: Yellow,USA,Demos
UCUS-98665,PSP System Kiosk Disc #4,USA,Demos
ULES-01022,Lanfeust of Troy,Europe,Games
ULES-00681,World Championship Poker featuring Howard Lederer: All In,Europe,Games
ULES-01544,FIFA 12,Netherlands,Games
UCES-01564,Disney Phineas and Ferb: Across the 2nd Dimension,Europe,Games
UCES-01564/E,Disney Phineas and Ferb: Across the 2nd Dimension,Europe,Games
UCAS-40194,Space Invaders Extreme,"Japan, Asia",Games
ULJM-05315,Space Invaders Extreme,"Japan, Asia",Games
ULUS-10579,BlazBlue: Continuum Shift II,USA,Games
ULUS-10593,Growlanser: Wayfarer of Time,USA,Games
UCUS-98634,Jak and Daxter: The Lost Frontier,USA,Games
ULUS-10561,"Prinny 2: Dawn of Operation Panties, Dood!",USA,Games
ULUS-10594,Ragnarok Tactics,USA,Games
ULUS-10195,Sonic Rivals,USA,Games
ULUS-10195GH,Sonic Rivals,USA,Games
ULUS-10205,Rainbow Islands Evolution,USA,Games
ULUS-10085,Kao Challengers,USA,Games
ULUS-10073,Disney/Pixar Cars,USA,Games
ULUS-10067,FIFA Street 2,USA,Games
ULUS-10055,Pac-Man World 3,USA,Games
ULJS-00321,Macross: Triangle Frontier,Japan,Games
ULJS-00369,Macross: Triangle Frontier,Japan,Games
ULUS-10051,Ys: The Ark of Napishtim,USA,Games
UCAS-40241,The Idolmaster SP: Perfect Sun,"Japan, Asia",Games
ULJS-00167,The Idolmaster SP: Perfect Sun,"Japan, Asia",Games
ULJS-19036,The Idolmaster SP: Perfect Sun,"Japan, Asia",Games
UCAS-40243,The Idolmaster SP: Missing Moon,"Japan, Asia",Games
ULJS-00169,The Idolmaster SP: Missing Moon,"Japan, Asia",Games
ULUS-90001,Puzzle Quest: Challenge of the Warlords,USA,Demos
ULUS-10216,Chili Con Carnage,USA,Games
ULUS-10092,Nickelodeon SpongeBob SquarePants: The Yellow Avenger,USA,Games
ULUS-10061,Tokobot,USA,Games
ULUS-10329,Beowulf: The Game,USA,Games
ULUS-10386,PDC World Championship Darts,USA,Games
ULES-01355,F1 2009,Europe,Games
UCUS-98759,EyePet,USA,Games
ULUS-10464,FIFA Soccer 10,USA,Games
ULUS-10483,PES 2010: Pro Evolution Soccer,USA,Games
ULUS-10597,PES 2013: Pro Evolution Soccer,USA,Games
ULUS-10554,PES 2011: Pro Evolution Soccer,USA,Games
ULUS-10548,Disney TRON: Evolution,USA,Games
ULUS-10093,WRC: FIA World Rally Championship,USA,Games
UCAM-80002,Network Utility Disc: Chinese Ver. 1.00C,Asia,Applications
UCAS-40019,Sengoku Cannon: Sengoku Ace Episode III,"Japan, Asia",Games
ULJM-05021,Sengoku Cannon: Sengoku Ace Episode III,"Japan, Asia",Games
UCES-01450,Buzz! The Ultimate Music Quiz,Europe,Games
UCES-01520,Cart Kings,India,Games
UCES-01559,Chandragupta: Warrior Prince,India,Games
UCES-01203,Buzz! Danske Genier ~ Buzz! Norgesmester,Europe,Games
ULJM-05513,World Soccer Winning Eleven 2010,"Japan, Korea",Games
ULKS-46228,World Soccer Winning Eleven 2010,"Japan, Korea",Games
UCAS-40199,Capcom Classics Collection Remixed,Asia,Games
ULJS-00090,Metal Slug Complete,"Japan, Korea",Games
ULJS-00206,Metal Slug Complete,"Japan, Korea",Games
ULKS-46129,Metal Slug Complete,"Japan, Korea",Games
ULUS-10144,The Legend of Heroes III: Song of the Ocean,USA,Games
ULUS-10592,Gungnir,USA,Games
ULUS-10577,Hakuoki: Demon of the Fleeting Blossom,USA,Games
UCET-00001,WipEout Pure,Europe,Preproduction
UTST-99100,WipEout Pure,Japan,Preproduction
ULUS-80018,Puzzle Quest: Challenge of the Warlords,USA,Demos
ULET-00122,Colin McRae Rally 2005 Plus,Europe,Preproduction
ULUS-10378,My Spanish Coach,USA,Educational
ULUS-10135,NFL Street 3,USA,Games
ULUS-10194,DreamWorks Shrek: Smash n' Crash Racing,USA,Games
UCUS-98642,PSP System Kiosk Disc #1,USA,Demos
ULUS-10360,The King of Fighters Collection: The Orochi Saga,USA,Games
ULUS-10284,The Bigs,USA,Games
ULUS-10448,The Bigs 2,USA,Games
ULUS-10651,Hakuoki: Warriors of the Shinsengumi,USA,Games
ULUS-10218,Call of Duty: Roads to Victory,USA,Games
ULAS-42009,Coded Arms,Asia,Games
UCAS-40162,Dragoneer's Aria: Ryu ga Nemuru Made,Asia,Games
ULUS-10598,NBA 2K13,USA,Games
ULUS-10121,Bomberman,USA,Games
ULUS-10299,Naruto: Ultimate Ninja Heroes,USA,Games
ULUS-10652,Sweet Fuse: At Your Side,USA,Games
ULUS-10317,Spider-Man 3,USA,Games
ULUS-10317FV,Spider-Man 3,USA,Games
ULUS-10161,Bounty Hounds,USA,Games
ULUS-10211,Monster Kingdom: Jewel Summoner,USA,Games
ULUS-10653,Class of Heroes 2,USA,Games
ULUS-10400,Crimson Gem Saga,USA,Games
ULUS-10081,Dragon Ball Z: Shin Budokai,USA,Games
ULUS-10167GH,Marvel: Ultimate Alliance,USA,Games
ULUS-10311,Sega Rally Revo,USA,Games
UCUS-98716,SOCOM: U.S. Navy SEALs: Fireteam Bravo 3,USA,Games
ULUS-10188,Star Wars: Lethal Alliance,USA,Games
ULES-01080,Disney/Pixar WALL-E,Italy,Games
ULES-01540,PES 2012: Pro Evolution Soccer,Europe,Games
UCES-01217,Buzz! De Slimste van Nederland,Netherlands,Games
ULES-01141,FIFA 09,Netherlands,Games
ULES-01141/P,FIFA 09,Netherlands,Games
ULUS-10419,Tenchu: Shadow Assassins,USA,Games
ULES-00340,FIFA World Cup Germany 2006,Europe,Games
ULES-01412,2010 FIFA World Cup South Africa,Europe,Games
ULES-00562,Medal of Honor: Heroes,Netherlands,Games
ULES-00643,Call of Duty: Roads to Victory,Europe,Games
ULES-00643/P,Call of Duty: Roads to Victory,Europe,Games
ULES-00459,FIFA 07,Netherlands,Games
ULES-00459/P,FIFA 07,Netherlands,Games
ULES-01353,PES 2010: Pro Evolution Soccer,Europe,Games
ULES-00161,FIFA 06,Europe,Games
ULES-00161/P,FIFA 06,Europe,Games
ULES-00235,Street Fighter Alpha 3 Max,Europe,Games
ULES-00235/0990834,Street Fighter Alpha 3 Max,Europe,Games
ULES-00235/E,Street Fighter Alpha 3 Max,Europe,Games
UCUS-98627,Gretzky NHL 06,USA,Games
UCUS-98677,SOCOM: U.S. Navy SEALs: Fireteam Bravo 2,USA,Demos
UCUS-98691,SOCOM: U.S. Navy SEALs: Fireteam Bravo 2,USA,Demos
UCUS-90691,Gran Turismo,USA,Games
ULUS-10197,Tony Hawk's Project 8,USA,Games
ULUS-10197GH,Tony Hawk's Project 8,USA,Games
ULUS-10234,Dragon Ball Z: Shin Budokai: Another Road,USA,Games
ULUS-10314,SWAT: Target Liberty,USA,Games
ULAS-42147,Kidou Senshi Gundam: Gundam vs. Gundam,"Japan, Asia",Games
ULJS-00165,Kidou Senshi Gundam: Gundam vs. Gundam,"Japan, Asia",Games
UCUS-98644,NBA 07,USA,Games
ULUS-10120,Puzzle Challenge: Crosswords and More!,USA,Games
ULUS-10159,Ford Bold Moves Street Racing,USA,Games
ULUS-10247,Disney/Pixar Ratatouille,USA,Games
ULUS-10305,Napoleon Dynamite: The Game,USA,Games
ULUS-10310,Medal of Honor: Heroes 2,USA,Games
UCUS-10352,Madden NFL 09,USA,Games
ULUS-10352,Madden NFL 09,USA,Games
ULUS-10513,Split/Second,USA,Games
ULUS-10183,Lumines II,USA,Games
ULUS-10126,Carol Vorderman's Sudoku,USA,Games
UCAS-40145,Ratchet & Clank: Size Matters,Asia,Games
ULAS-42038,Power Smash: New Generation,"Japan, Asia",Games
ULJM-05079,Power Smash: New Generation,"Japan, Asia",Games
ULAS-42035,Metal Gear Ac!d²,"Japan, Asia",Games
ULJM-05047,Metal Gear Ac!d²,"Japan, Asia",Games
UCAS-40261,PixelJunk Monsters UMD Limited Edition,Asia,Games
ULUS-10420,Tiger Woods PGA Tour 10,USA,Games
ULUS-10300,Hannspree Ten Kate Honda: SBK Superbike World Championship,USA,Games
ULUS-10395,SBK: Superbike World Championship,USA,Games
ULUS-10544,WWE All Stars,USA,Games
ULUS-10447,Naruto Shippuden: Legends: Akatsuki Rising,USA,Games
ULUS-10228,Gurumin: A Monstrous Adventure,USA,Games
ULUS-10203,Platypus,USA,Games
UCES-01452,Buzz! The Ultimate Music Quiz,Australia,Games
UCES-01196,Buzz! Brain of the UK,UK,Games
ULES-00960,MTV Pimp My Ride,Europe,Games
UCES-01462,EyePet,Europe,Games
ULES-01580,PES 2013: Pro Evolution Soccer,Europe,Games
UCES-01496,Battle Royal,India,Games
UCUS-98695,Ratchet & Clank: Size Matters,USA,Preproduction
ULUS-10412,Scrabble,USA,Games
UCES-01585,Don 2: The Game,India,Games
UCES-01279,Desi Adda: Games of India,India,Games
ULUS-10167,Marvel: Ultimate Alliance,USA,Games
ULUS-10100,Def Jam: Fight for NY: The Takeover,USA,Games
UCAS-40257,Growlanser,Asia,Games
ULUS-10595,FIFA Soccer 13,USA,Games
ULUS-10586,PES 2012: Pro Evolution Soccer,USA,Games
ULUS-10583,FIFA Soccer 12,USA,Games
ULUS-10504,2010 FIFA World Cup South Africa,USA,Games
ULUS-10500,LEGO Harry Potter: Years 1-4,USA,Games
ULUS-10488,Ben 10: Alien Force: Vilgax Attacks,USA,Games
ULUS-10474,NBA 2K10,USA,Games
ULUS-10465,NBA Live 10,USA,Games
ULUS-10459,Shadow of Destiny,USA,Games
ULUS-10452,WWE SmackDown vs. Raw 2010,USA,Games
ULUS-10444,Cloudy with a Chance of Meatballs,USA,Games
ULUS-10441,Madden NFL 10,USA,Games
ULUS-10440,NCAA Football 10,USA,Games
ULUS-10439,Disney G-Force,USA,Games
ULUS-10320,PES 2008: Pro Evolution Soccer,USA,Games
ULUS-10110,Lara Croft Tomb Raider: Legend,USA,Games
ULUS-10388,PES 2009: Pro Evolution Soccer,USA,Games
ULUS-10477,Star Wars: The Clone Wars: Republic Heroes,USA,Games
UCUS-98738,NBA 10: The Inside,USA,Games
UCUS-98629,Ape Escape Academy,USA,Demos
ULUS-10516,Blood Bowl,USA,Games
ULUS-10507,Disney/Pixar Toy Story 3,USA,Games
ULUS-10494,"What Did I Do to Deserve This, My Lord!? 2",USA,Games
ULUS-10471,DiRT 2,USA,Games
ULUS-10449,F1 2009,USA,Games
ULUS-10550,FIFA Soccer 11,USA,Games
ULUS-10430,Disney/Pixar Up,USA,Games
ULUS-10443,The Secret Saturdays: Beasts of the 5th Sun,USA,Games
ULUS-10428,Disney/Pixar Cars: Race-O-Rama,USA,Games
ULUS-10283,Brunswick Pro Bowling,USA,Games
ULUS-10122,NASCAR,USA,Games
ULUS-10118,Payout: Poker & Casino,USA,Games
ULUS-10106,Cabela's Dangerous Hunts: Ultimate Challenge,USA,Games
UCUS-98766,Disney/Pixar Cars 2,USA,Games
UCUS-98760,Invizimals: Shadow Zone,USA,Games
UCAS-40181,NBA 08,Asia,Games
UCAS-40249,MLB 09: The Show,Asia,Games
ULES-00741#,Disney/Pixar Ratatouille,Europe,Games
ULES-00358,PQ: Practical Intelligence Quotient,Europe,Games
ULES-00267,Ys: The Ark of Napishtim,Europe,Games
ULES-01265,Valhalla Knights 2,Europe,Games
ULES-01278,Prinny: Can I Really Be the Hero?,Europe,Games
ULES-01298,Soulcalibur: Broken Destiny,Europe,Games
ULES-01215,Mana Khemia: Student Alliance,Europe,Games
ULES-01555,Football Manager Handheld 2012,Europe,Games
ULES-00776,StateShift,Europe,Games
ULES-00657,Valhalla Knights,Europe,Games
ULJM-95001,Initial D: Street Stage,Japan,Demos
ULES-01543,FIFA 12,Europe,Games
ULES-01543#,FIFA 12,Europe,Games
ULES-01142,FIFA 09,Europe,Games
ULES-00896,FIFA 08,Portugal,Games
ULES-01136,FIFA 09,France,Games
ULES-00214,Harry Potter et la Coupe de Feu,France,Games
ULES-00831,Harry Potter and the Order of the Phoenix,Europe,Games
ULES-00399,Il Padrino,Italy,Games
UCJM-95401,Minna no Golf Portable: Coca-Cola Special Edition,Japan,Games
ULKS-46034,Need for Speed: Carbon: Own the City,Korea,Games
ULKS-46071,Gitaroo Man Lives!,Korea,Games
ULKS-46033,Win-JPT: Ilboneo Chogeub,Korea,Educational
ULKS-46069,Untold Legends: The Warrior's Code,Korea,Games
ULKS-46094,Singi Hwansang: SSII Unlimited Side,Korea,Games
ULKS-46155,Castlevania: The Dracula X Chronicles,Korea,Games
UCKS-45002,Ridge Racer,Korea,Games
UCKS-45021,SOCOM: U.S. Navy SEALs: Fireteam Bravo,Korea,Games
UCKS-45061,SOCOM: U.S. Navy SEALs: Fireteam Bravo,Korea,Games
ULKS-46133,Valhalla Knights,Korea,Games
UCKS-45096,Secret Agent Clank,Korea,Games
ULKS-46125,WWE SmackDown vs. Raw 2007,Korea,Games
ULKS-46179,SNK Arcade Classics Vol. 1,Korea,Games
ULAS-42088,World Soccer Winning Eleven 10: Ubiquitous Evolution,"Japan, Asia",Games
ULJM-05132,World Soccer Winning Eleven 10: Ubiquitous Evolution,"Japan, Asia",Games
ULJM-08015,World Soccer Winning Eleven 10: Ubiquitous Evolution,"Japan, Asia",Games
ULKS-46120,World Soccer Winning Eleven 10: Ubiquitous Evolution,"Japan, Asia",Games
ULJS-00242,Matching Maker 3 x Tousouchuu,Japan,Games
ULJM-05413,Ookami Kakushi,Japan,Games
ULJS-00236,Naruto Shippuuden: Narutimate Accel 3,"Japan, Korea",Games
ULKS-46229,Naruto Shippuuden: Narutimate Accel 3,"Japan, Korea",Games
ULJM-05188,Riviera: Yakusoku no Chi,Japan,Games
ULJM-05168,Mite Kiite Nou de Kanjite Crossword Tengoku,Japan,Games
ULJS-00178,Kidou Senshi Gundam: Gihren no Yabou: Axis no Kyoui V,Japan,Games
ULJM-05588,Densetsu no Yuusha no Densetsu: Legendary Saga,Japan,Games
UCJS-10075,Minna no Golf Portable 2,"Japan, Korea",Games
UCKS-45074,Minna no Golf Portable 2,"Japan, Korea",Games
ULJS-00079,Tales of Phantasia: Full Voice Edition,Japan,Games
ULJS-19016,Tales of Phantasia: Full Voice Edition,Japan,Games
ULES-00893,FIFA 08,Italy,Games
ULES-00260,Pac-Man World 3,Europe,Games
ULJM-05479,Yu-Gi-Oh! 5D's: Tag Force 4,Japan,Games
ULJM-05163,Mahjong Fight Club: Zenkoku Taisenban,Japan,Games
ULJM-05333,Mahjong Fight Club: Zenkoku Taisenban,Japan,Games
ULJS-00052,Daito Giken Koushiki Pachi-Slot Simulator: Ossu! Banchou Portable,Japan,Games
ULJM-05050,Nouryoku Trainer Portable,Japan,Games
ULUS-10281GH,WWE SmackDown vs. Raw 2008,USA,Games
UCKS-45051,Smash Court Tennis 3,Korea,Games
ULAS-42100,Kidou Senshi Gundam Seed: Rengou vs. Z.A.F.T. Portable,"Japan, Asia",Games
ULJM-05238,Kidou Senshi Gundam Seed: Rengou vs. Z.A.F.T. Portable,"Japan, Asia",Games
ULKS-46134,Kidou Senshi Gundam Seed: Rengou vs. Z.A.F.T. Portable,"Japan, Asia",Games
UCKS-45157,Disgaea Portable,Korea,Games
ULES-01386,Dante's Inferno,Italy,Games
ULJM-05029,Breath of Fire III,Japan,Games
UCAS-40295,Kingdom Hearts: Birth by Sleep,"Japan, Asia",Games
ULJM-05600,Kingdom Hearts: Birth by Sleep,"Japan, Asia",Games
UCJS-10041,LocoRoco,Japan,Games
UCJS-18011,LocoRoco,Japan,Games
ULJM-05024,Coded Arms,Japan,Games
UCAS-40154,Zhuo Hou La: Hou Zi Ai Zuo Zhan,Asia,Games
ULJS-00049,Dragon Ball Z: Shin Budokai,Japan,Games
ULKS-46050,DJ Max Emotional Sense P Portable,Korea,Games
ULKS-46116,DJ Max Emotional Sense P 2: Sound Miracle,Korea,Games
ULJM-05775,Kingdom Hearts: Birth by Sleep: Final Mix,Japan,Games
ULJM-06213,Kingdom Hearts: Birth by Sleep: Final Mix,Japan,Games
ULJS-00209,Tales of VS,Japan,Games
ULJS-00413,AKB1-48+10: Idol to Guam de Koishitara...,Japan,Games
ULJS-00414,AKB1-48+10: Idol to Guam de Koishitara...,Japan,Games
ULJS-00348,AKB1-48: Idol to Koishitara...,Japan,Games
ULJS-00480,AKB1-48: Idol to Koishitara...,Japan,Games
UCJB-98011,LocoRoco,Japan,Games
ULJM-06348,Pro Yakyuu Spirits 2014,Japan,Games
ULJM-05710,MonHun Nikki: Poka Poka Airuu Mura,Japan,Games
ULJM-08039,MonHun Nikki: Poka Poka Airuu Mura,Japan,Games
ULJS-00363,SD Gundam: GGeneration World,"Japan, Korea",Games
ULKS-46286,SD Gundam: GGeneration World,"Japan, Korea",Games
ULJM-05009,Ys VI: Napishtim no Hako,Japan,Games
ULJS-00237,God Eater,Japan,Games
UCJS-10003,Piposaru Academia: Dossari! Saruge Daizenshuu,Japan,Games
ULJM-05008,Need for Speed: Underground Rivals,Japan,Games
ULJM-08003,Need for Speed: Underground Rivals,Japan,Games
ULJM-05104,Capcom Classics Collection,Japan,Games
ULJM-05280,Capcom Classics Collection,Japan,Games
ULJM-05501,Hexyz Force,Japan,Games
ULJM-05631,Pro Yakyuu Spirits 2010,Japan,Games
ULJM-05871,Jikkyou Powerful Pro Yakyuu 2011,Japan,Games
ULJM-05077,Jikkyou Powerful Pro Yakyuu Portable,Japan,Games
ULJM-05604,Grand Theft Auto: Chinatown Wars,Japan,Games
ULJM-05804,Grand Theft Auto: Chinatown Wars,Japan,Games
ULJM-05300,Jikkyou Powerful Pro Yakyuu Portable 3,Japan,Games
ULJM-05402,Musou Orochi: Maou Sairin,Japan,Games
ULJM-08037,Musou Orochi: Maou Sairin,Japan,Games
ULJM-05798,The 3rd Birthday,Japan,Games
ULJM-06008,The 3rd Birthday,Japan,Games
ULJM-05860,Saigo no Yakusoku no Monogatari,Japan,Games
ULJS-00394,Grand Knights History,Japan,Games
ULJM-05781,Senjou no Valkyria 3: Unrecorded Chronicles,Japan,Games
ULJM-06223,Shining Ark,Japan,Games
UCAS-40323,God of War: Ghost of Sparta,Asia,Games
UCKS-45161,God of War: Ghost of Sparta,Asia,Games
ULAS-42207,Kidou Senshi Gundam: Gundam vs. Gundam Next Plus,"Japan, Asia",Games
ULJS-00250,Kidou Senshi Gundam: Gundam vs. Gundam Next Plus,"Japan, Asia",Games
ULJS-19048,Kidou Senshi Gundam: Gundam vs. Gundam Next Plus,"Japan, Asia",Games
UCAS-40017,Baku-No,"Japan, Asia",Games
ULJS-00017,Baku-No,"Japan, Asia",Games
UCAS-40114,F1 06 Portable,Asia,Games
ULES-01532,LEGO Harry Potter: Years 5-7,Europe,Games
UCES-01535,Geronimo Stilton in the Kingdom of Fantasy,Europe,Games
ULJM-05211,Densha de Go! Pocket: Osaka Kanjousen-hen,Japan,Games
ULJM-05060,Star Wars: Battlefront II,Japan,Games
ULJM-05012,Mobile Train Simulator plus Densha de Go! Tokyo Kyuukou-hen,Japan,Games
UCES-01200,Buzz! ¿Qué Sabes de tu País?,Spain,Games
ULJS-00125,Hajime no Ippo Portable: Victorious Spirits,Japan,Games
ULES-01448,Pro Cycling Season 2010: Le Tour de France,Europe,Games
ULES-00312,Tokobot,Europe,Games
UCES-01473,God of War: Ghost of Sparta,Europe,Games
ULES-01316,IL-2 Sturmovik: Birds of Prey,Europe,Games
ULES-01237,Tenchu: Shadow Assassins,Europe,Games
ULES-00902,Dead Head Fred,Europe,Games
ULUS-10259,Heatseeker,USA,Games
ULES-01063,SBK 08: Superbike World Championship,Europe,Games
ULES-00437,Rengoku II: The Stairway to H.E.A.V.E.N.,Europe,Games
UCES-00038,SOCOM: U.S. Navy SEALs: Fireteam Bravo,Europe,Games
ULES-01593,FIFA 14,Poland,Games
ULES-01328,FIFA 10,Europe,Games
ULKS-46189,DJ Max Emotional Sense P: Black Square,Korea,Games
ULJM-91009,Kidou Senshi Gundam Seed: Rengou vs. Z.A.F.T. Portable,Japan,Demos
UCJX-90028,Patapon 2: Don-Chaka,Japan,Demos
ULUS-10192,Sega Genesis Collection,USA,Games
ULKS-46157,Grand Theft Auto: Liberty City Stories,Korea,Games
ULJM-05884,Grand Theft Auto: Vice City Stories,Japan,Games
UCJX-90030,The Eye of Judgment: Shintaku no Wizard,Japan,Demos
ULKS-46119,Metal Gear Solid: Portable Ops,Korea,Games
UCKM-84001,Network Utility Disc Ver. 1.00,Korea,Applications
UMDT-99872,CS Kensa Disc (J1),Japan,Games
UCKS-45043,SOCOM: U.S. Navy SEALs: Fireteam Bravo 2,Korea,Games
ULJM-06086,Strike Witches: Hakugin no Tsubasa,Japan,Games
ULJM-05414,World Soccer Winning Eleven 2009,Japan,Games
ULJM-05195,Jikkyou Powerful Pro Yakyuu Portable 2,Japan,Games
ULJM-05494,Need for Speed: Shift,Japan,Games
UCJS-10002,Doko Demo Issho,Japan,Games
UCJS-18002,Doko Demo Issho,Japan,Games
UCJS-10086,Yuusha no Kuse ni Namaiki da or2,Japan,Games
UCJS-18037,Yuusha no Kuse ni Namaiki da or2,Japan,Games
ULJS-00175,Tales of the World: Radiant Mythology 2,Japan,Games
ULJS-19044,Tales of the World: Radiant Mythology 2,Japan,Games
ULES-00320#,Disney/Pixar Cars,Portugal,Games
ULJS-00566,Sakura-sou no Pet na Kanojo,Japan,Games
ULJS-00567,Sakura-sou no Pet na Kanojo,Japan,Games
ULUS-10398,Mytran Wars,USA,Games
ULES-00441,FIFA 07,France,Games
ULES-00892,FIFA 08,France,Games
ULES-00951,À la croisée des mondes: La Boussole d'or,France,Games
ULES-00463,NBA Live 07,France,Games
ULES-00976,Les Simpson: Le Jeu,France,Games
ULES-00511,The Con,Germany,Games
ULES-00547,Scarface: Money. Power. Respect.,Germany,Games
ULES-00728,Disney Pirates of the Caribbean: At World's End,Russia,Games
ULES-01255#,Disney•Pixar Up,Russia,Games
ULES-01081,Disney/Pixar WALL-E,Russia,Games
ULES-01081#,Disney/Pixar WALL-E,Russia,Games
ULES-01465,DreamWorks Megamind: The Blue Defender,Russia,Games
ULES-01575,PES 2013: Pro Evolution Soccer,Europe,Games
ULES-01570,FIFA 13,Russia,Games
ULES-01481,FIFA 11,Portugal,Games
ULES-01477,FIFA 11,Italy,Games
ULES-00626,Tony Hawk's Project 8,Europe,Games
ULES-01542,PES 2012: Pro Evolution Soccer,Europe,Games
ULES-01325,FIFA 10,Italy,Games
ULES-01147,NBA Live 09,Europe,Games
ULES-00888,Thrillville: Off the Rails,Europe,Games
ULES-01257#,Disney/Pixar Up,Italy,Games
ULES-01257/E,Disney/Pixar Up,Italy,Games
ULES-00953,La Bussola d'Oro,Italy,Games
ULES-00712,Chi Vuol Essere Milionario? Party Edition,Italy,Games
ULES-00119,Dynasty Warriors,Germany,Games
ULES-00299,Samurai Warriors: State of War,Germany,Games
ULES-00969,FlatOut: Head On,Germany,Games
ULES-00644,Call of Duty: Roads to Victory,Germany,Games
UCES-00523,Gangs of London,Germany,Games
ULES-01082,Disney/Pixar WALL-E: Der Letzte räumt die Erde auf,Germany,Games
ULES-00813,DreamWorks Shrek the Third,Europe,Games
ULES-01469,PES 2011: Pro Evolution Soccer,Europe,Games
ULES-00903,Dead Head Fred,Europe,Games
ULES-01414,2010 FIFA World Cup South Africa,Europe,Games
ULES-00792,Beta Bloc,Italy,Games
ULES-01227,Dragonball: Evolution,Europe,Games
UCES-01459,Jungle Party,Europe,Games
ULES-00744,Disney/Pixar Ratatouille,Italy,Games
ULES-00256,Viewtiful Joe: Red Hot Rumble,Europe,Games
ULES-01014,Williams Pinball Classics,Europe,Games
ULES-00512,The Con,Italy,Games
ULES-00190,X-Men Legends II: Rise of Apocalypse,Germany,Games
ULES-01056,Warriors Orochi,Germany,Games
ULES-00611,Winx Club: Join the Club,Europe,Games
UCES-01032/POR,Buzz! Master Quiz,Europe,Games
ULES-01258,Disney/Pixar Up: Altamente!,Portugal,Games
ULES-01253,Disney/Pixar Up,Europe,Games
ULES-00738,Disney/Pixar Ratatui,Portugal,Games
ULUS-10363,B-Boy,USA,Games
ULUS-10175,Cabela's African Safari,USA,Games
ULUS-90002,Dead Head Fred,USA,Demos
ULUS-10350,Disney/Pixar WALL-E,USA,Games
ULUS-10415,Dragonball: Evolution,USA,Games
ULUS-10381,Harry Potter and the Half-Blood Prince,USA,Games
ULUS-10355,NCAA Football 09,USA,Games
ULUS-10130,The Sims 2: Pets,USA,Games
ULUS-10367,Tiger Woods PGA Tour 09,USA,Games
ULES-00750,Burnout Dominator,Europe,Games
ULES-01238,Disney G-Force,Europe,Games
ULES-01406,Disney/Pixar Toy Story 3,Europe,Games
ULES-00473,Taito Legends Power-Up,Europe,Games
ULUS-10187,DreamWorks Over the Hedge: Hammy Goes Nuts!,USA,Games
ULUS-10248,DreamWorks Shrek the Third,USA,Games
ULUS-10181,Hard Rock Casino,USA,Games
ULUS-10239,Hot Wheels: Ultimate Racing,USA,Games
ULUS-10253,Lara Croft Tomb Raider: Anniversary,USA,Games
ULUS-10179,Online Chess Kingdoms,USA,Games
ULUS-10265,Pinball Hall of Fame: The Williams Collection,USA,Games
ULUS-10166,Reel Fishing: The Great Outdoors,USA,Games
ULUS-10255,Spelling Challenges and More!,USA,Games
ULUS-10150,Star Trek: Tactical Assault,USA,Games
ULUS-10169,Winning Eleven: Pro Evolution Soccer 2007,USA,Games
ULUS-10145,World Championship Poker featuring Howard Lederer: All In,USA,Games
ULUS-10199GH,WWE SmackDown vs. Raw 2007,USA,Games
ULUS-10164,Xiaolin Showdown,USA,Games
UCJB-98306,Demo Disc for PSP Vol. 1,Europe,Demos
ULUS-10146,Eragon,USA,Games
ULUS-10347,Iron Man,USA,Games
ULUS-10376,Need for Speed: Undercover,USA,Games
ULUS-10210,Ghost Rider,USA,Games
ULUS-10654S,PES 2014: Pro Evolution Soccer,USA,Games
ULUS-10316,Indiana Jones and the Staff of Kings,USA,Games
ULUS-10180,M.A.C.H.: Modified Air Combat Heroes,USA,Games
ULES-00918,Crash of the Titans,Europe,Games
ULES-00918/E,Crash of the Titans,Europe,Games
ULES-01143,FIFA 09,Portugal,Games
ULES-00695,Legend of the Dragon,Europe,Games
UCJS-10114,God of War: Koutan no Kokuin,Japan,Games
ULJM-05438,God of War: Rakujitsu no Hisoukyoku,Japan,Games
UCJS-10115,Shirokishi Monogatari Episode Portable: Dogma Wars,Japan,Games
ULJM-06093,Sol Trigger,Japan,Games
ULES-00625,Tony Hawk's Project 8,Europe,Games
ULUS-10252,Disney Pirates of the Caribbean: At World's End,USA,Games
ULES-00982#,Star Wars: The Force Unleashed,Europe,Games
ULES-01446#,LEGO Star Wars III: The Clone Wars,Europe,Games
ULES-01446#2,LEGO Star Wars III: The Clone Wars,Europe,Games
ULES-01284,Star Wars: The Clone Wars: Republic Heroes,Europe,Games
ULES-01284#,Star Wars: The Clone Wars: Republic Heroes,Europe,Games
ULES-01214,Star Wars Battlefront: Elite Squadron,Europe,Games
ULJM-05688,Prince of Persia: Boukyaku no Suna,Japan,Games
ULES-00303,Bubble Bobble Evolution,Europe,Games
ULES-01509,PlayEnglish,Portugal,Games
UCJS-10081,Mugen Kairou,Japan,Games
UCJS-18028,Mugen Kairou,Japan,Games
ULUS-10200,Blitz: Overtime,USA,Games
ULUS-10399,Shaun White Snowboarding,USA,Games
ULUS-10296,The Sims 2: Castaway,USA,Games
UCED-00970,God of War: Chains of Olympus,Europe,Demos
ULUS-10058,Stealth + WipEout Pure,USA,Demos
ULES-00229,Stealth + WipEout Pure,Europe,Demos
UMDS-10059,Stealth + WipEout Pure,Europe,Demos
UCET-00424/0.02,Tekken: Dark Resurrection,Europe,Preproduction
UCES-01378,Jak and Daxter: The Lost Frontier,Europe,Games
ULES-00706,UEFA Champions League 2006-2007,France,Games
ULJM-05042,Guilty Gear XX #Reload: The Midnight Carnival,Japan,Games
ULJM-05264,Wangan Midnight Portable,Japan,Games
ULJM-05372,Wangan Midnight Portable,Japan,Games
ULES-01523-1.00,Shin Megami Tensei: Persona 3 Portable,Europe,Preproduction
ULES-01523,Shin Megami Tensei: Persona 3 Portable,Europe,Games
ULES-01523/1.01,Shin Megami Tensei: Persona 3 Portable,Europe,Games
ULJS-00344,428: Fuusa Sareta Shibuya de,Japan,Games
ULJS-00149,Hayarigami 2 Portable: Keishichou Kaii Jiken File,Japan,Games
ULJS-00208,Hayarigami 2 Portable: Keishichou Kaii Jiken File,Japan,Games
ULJS-00110,Hayarigami Portable: Keishichou Kaii Jiken File,Japan,Games
UCJS-10096,Jigen Kairou,Japan,Games
ULJM-05607,Judie no Atelier: Gramnad no Renkinjutsushi: Toraware no Moribito,Japan,Games
ULJS-00247,"Koori no Haka: Ichiyanagi Nagomu, 3-dome no Junan",Japan,Games
ULJM-05111,Machi: Unmei no Kousaten Tokubetsu-hen,Japan,Games
ULJS-00203,Sorayume Portable,Japan,Games
UCJS-10009,TalkMan,Japan,Educational
UCJS-18017,TalkMan,Japan,Educational
UCJS-10033,TalkMan Euro! TalkMan Europa Gengo-ban,Japan,Educational
UCJS-10051,TalkMan-shiki Shabelingual Eikaiwa,Japan,Educational
UCJS-10054,TalkMan-shiki Shabelingual Eikaiwa for Kids!,Japan,Educational
ULJM-05529,Tantei Jinguuji Saburou: Hai to Diamond,Japan,Games
ULES-00829,Harry Potter and the Order of the Phoenix,Europe,Games
ULES-00905,Ben 10: Protector of Earth,Europe,Games
ULES-01170,Crash: Mind over Mutant,Europe,Games
ULES-01351,LEGO Harry Potter: Years 1-4,Europe,Games
ULES-01351/E,LEGO Harry Potter: Years 1-4,Europe,Games
ULES-01384,Dante's Inferno,Europe,Games
ULES-01565#,FIFA 13,Europe,Games
UCJB-98302,Demo Disc for PSP Vol. 1,Europe,Demos
ULJS-00053,Simple 2500 Series Portable!! Vol. 3: The Dokodemo Suiri: IT Tantei Zen 68 no Jikenbo,Japan,Games
UCJS-10088,Enkaku Sousa: Shinjitsu e no 23-nichi-kan,Japan,Games
UCJX-90015,PlayStation Spot Sen'you UMD Vol. 1,Japan,Demos
UCJX-90017,PlayStation Spot Sen'you UMD Vol. 2,Japan,Demos
UCJX-90018,PlayStation Spot Sen'you UMD Vol. 3,Japan,Demos
UCJX-90020,PlayStation Spot Sen'you UMD Vol. 4,Japan,Demos
UTST-99261,SCEJ PSP Browser,Japan,Preproduction
UTST-99281,SCEJ PSP Browser,Japan,Preproduction
UCJS-90007,PlayStation Spot Sen'you UMD Version 2.00,Japan,Applications
UCJX-90007,PlayStation Spot Sen'you UMD Version 2.00,Japan,Applications
UCJX-90025,PSP System Software Update Disc Ver. 3.11,Japan,Applications
UCJX-90027,System Software Update Ver. 3.73,Japan,Applications
UTST-99437,System Software Update Ver. 3.73,Japan,Applications
ULES-00979,Los Simpson: El Videojuego,Spain,Games
ULES-00979/1.00,Los Simpson: El Videojuego,Spain,Games
UCUS-94341,Hilton Garden Inn: Ultimate Team Play,USA,Games
ULUS-80017,Monster Kingdom: Jewel Summoner,USA,Demos
UCES-00218/1.00,Game Sharing Server Disc,Europe,Preproduction
UCED-00686/1.00,Retail Sampler No. 4,Europe,Preproduction
UCJP-00062-1,Jeanne d'Arc,Japan,Preproduction
UCJP-00018,PlayStation Spot,Japan,Applications
UCED-01018,Firmware 3.73,Europe,Applications
UTST-99332,Updater Test A0304: Game (w) 1.50 + Updater (0304) 9999/9.99,Japan,Preproduction
UTST-99119,PSP Update Disc 1.00,Japan,Preproduction
ULJP-00572,Karakuri,Japan,Preproduction
UMDT-99801,PSP Seizou Kensa Disc (1),Japan,Preproduction
ULES-00571,Scooby-Doo! Who's Watching Who?,Europe,Games
ULES-00210,Harry Potter and the Goblet of Fire,Europe,Games
ULES-01447,Despicable Me,Europe,Games
ULES-00561,Medal of Honor: Heroes,Spain,Games
ULES-00595,The Sims 2: Pets,Europe,Games
ULES-01174,Spider-Man: Web of Shadows: Amazing Allies Edition,Europe,Games
ULES-01365,Nickelodeon SpongeBob SquarePants: SpongeBob's Truth or Square,Europe,Games
ULES-01516,Naruto Shippuden: Kizuna Drive,Europe,Games
ULES-00988/P,Medal of Honor: Heroes 2,Australia,Games
ULES-00143,Koloomn,Europe,Games
ULES-00201,Il Signore degli Anelli: Tactics,Italy,Games
UCES-01159,PlayStation Network Collection: Puzzle Pack,Europe,Games
ULES-00646,Thrillville,Europe,Games
UCES-01531,EyePet Adventures,Europe,Games
UCES-01531/POR,EyePet Adventures,Europe,Games
ULES-00389,Professor Sudoku,Europe,Games
ULES-00164/P,FIFA 06,Italy,Games
ULES-01038,UEFA Euro 2008: Austria-Switzerland,Europe,Games
ULES-01287/E,Transformers: Revenge of the Fallen,Europe,Games
ULES-00339,Me & My Katamari,Europe,Games
ULJM-05835,Viorate no Atelier: Gramnad no Renkinjutsushi 2: Gunjou no Omoide,Japan,Games
ULJS-00204,Hayarigami 3: Keishichou Kaii Jiken File,Japan,Games
ULJS-00216,"Amagoushi no Yakata Portable: Ichiyanagi Nagomu, Saisho no Junan",Japan,Games
ULJS-00239,Fushigi no Dungeon: Fuurai no Shiren 3 Portable,Japan,Games
ULJS-00488,Meitantei Conan: Kako kara no Prelude,Japan,Games
ULES-00332,Scudetto 2006: Championship Manager,Italy,Games
UCET-00460/0.01,Passport to... Rome,Europe,Applications
ULES-01075,Disney/Pixar WALL-E,Europe,Games
ULES-00816,Surf's Up,Europe,Games
UCES-01292/9131366,Buzz! Concurso Universal,Europe,Games
ULES-00828,Hot Wheels: Ultimate Racing,Europe,Games
UCED-01060/9991250,Echochrome,Europe,Preproduction
UCED-01060/9991656,Echochrome,Europe,Preproduction
UCED-00316,Greatest Hits Vol. 1,Europe,Demos
ULES-00325,Disney/Pixar Cars,Italy,Games
UCES-01198,Buzz! Il Quizzone Nazionale,Italy,Games
ULES-00977,I Simpson: Il Videogioco,Italy,Games
ULES-00573,Scooby-Doo! Who's Watching Who?,Europe,Games
ULES-00343,Mondiali FIFA 2006,Italy,Games
ULES-01138,FIFA 09,Italy,Games
ULES-00442,FIFA 07,Italy,Games
ULES-00560,Medal of Honor: Heroes,Italy,Games
ULES-01551,FIFA 12,Italy,Games
ULES-01573,FIFA 13,Italy,Games
ULES-01577,PES 2013: Pro Evolution Soccer,Europe,Games
ULES-01588,FIFA 14: Legacy Edition,Italy,Games
ULES-00707,UEFA Champions League 2006-2007,Italy,Games
ULES-01455,Football Manager Handheld 2011,Europe,Games
ULUS-80020,Yggdra Union,USA,Demos
ULES-01172/E,Crash: Mind over Mutant,Europe,Games
ULES-01597,PES 2014: Pro Evolution Soccer,Europe,Games
ULES-00212,Gottlieb Pinball Classics,Europe,Games
ULES-00041,DTM Race Driver 2,Europe,Games
ULES-01574,FIFA 13,Germany,Games
ULES-01262,Warriors Orochi 2,Germany,Games
UCUS-98707,Secret Agent Clank,USA,Demos
UCES-01451,Buzz! The Ultimate Music Quiz,Europe,Games
ULES-00171,Crash Tag Team Racing,Spain,Games
ULES-00324#,Disney/Pixar Cars,Spain,Games
ULES-00737,Disney/Pixar Ratatouille,Spain,Games
ULES-00444,FIFA 07,Spain,Games
ULES-00895,FIFA 08,Spain,Games
ULES-01323,FIFA 10,Spain,Games
ULES-01343,Marvel: Ultimate Alliance 2,Europe,Games
ULES-01479,FIFA 11,Spain,Games
ULES-01479#,FIFA 11,Spain,Games
ULES-00344,FIFA World Cup Germany 2006,Spain,Games
UCES-00004#,F1 Grand Prix,Europe,Games
ULES-01440,PlayEnglish,Spain,Games
UCES-01563,Geronimo Stilton: Return to the Kingdom of Fantasy: The Videogame,Europe,Games
ULES-00216,Harry Potter and the Goblet of Fire,Europe,Games
ULES-00158,NBA Live 06,Spain,Games
ULES-01310,NBA Live 10,Spain,Games
ULES-01486,Nickelodeon Bob Esponja: Atrapados en el Congelador,Spain,Games
ULES-00202,El Señor de los Anillos: Tácticas,Spain,Games
ULES-01470,PES 2011: Pro Evolution Soccer,Europe,Games
ULES-00900,Spider-Man: Friend or Foe,Europe,Games
ULES-00613,TOCA Race Driver 3 Challenge,Europe,Games
ULES-00709,UEFA Champions League 2006-2007,Spain,Games
ULES-00191,X-Men Legends II: El Ascenso de Apocalipsis,Spain,Games
ULES-00393,X-treme Party,Spain,Games
ULES-00954,La Brújula Dorada,Spain,Games
ULES-01549,FIFA 12,Spain,Games
ULES-01363,The Secret Saturdays: Beasts of the 5th Sun,Europe,Games
ULES-00033,Tony Hawk's Underground 2 Remix,Europe,Games
ULES-01256,Disney/Pixar Up,Spain,Games
ULES-01366,Autoescuela Aprueba Conmigo,Spain,Games
ULES-01091,Super Hind,Europe,Games
ULES-00485,Gun Showdown,Germany,Games
ULES-00783,Freak Out: Extreme Freeride,Europe,Games
ULES-01219,Real Madrid: The Game,Europe,Games
ULES-00825,Transformers: The Game,Europe,Games
ULES-00155,ATV Offroad Fury: Blazin' Trails,Europe,Games
ULJS-00598,Bakumatsu Rock,Japan,Games
ULJM-05170,Eiyuu Densetsu: Sora no Kiseki FC,Japan,Games
ULJM-08033,Eiyuu Densetsu: Sora no Kiseki FC,Japan,Games
ULJS-00351,God Eater Burst,Japan,Games
ULJS-19056,God Eater Burst,Japan,Games
ULJS-19081,God Eater Burst,Japan,Games
ULJM-05772,Pro Yakyuu Spirits 2011,Japan,Games
ULJS-00483,Toriko: Gourmet Survival! 2,Japan,Games
ULJM-05270,World Soccer Winning Eleven: Ubiquitous Evolution 2008,Japan,Games
UCED-00308,Lemmings / Go! Sudoku,Europe,Demos
ULES-01572,FIFA 13,Spain,Games
ULES-00172/E,Crash Tag Team Racing,Italy,Games
ULES-01582,Football Manager Handheld 2013,Europe,Games
ULES-00564,Ford Street Racing: L.A. Duel,Europe,Games
ULES-00159,Marvel Nemesis: Rise of the Imperfects,Europe,Games
ULES-00701,Mind Quiz: Exercise Your Brain,Europe,Games
ULES-01578,NBA 2K13,Europe,Games
ULES-00921,NBA Live 08,Europe,Games
ULES-00849,Pro Cycling Season 2007: Le Tour de France,Europe,Games
ULES-01260,Tiger Woods PGA Tour 10,Europe,Games
ULES-01305#,TNA Impact! Cross the Line,Europe,Games
ULES-00040,TOCA Race Driver 2,Europe,Games
ULES-00189,X-Men Legends II: Rise of Apocalypse,Europe,Games
ULES-00412,Myst,Europe,Games
UCES-00005,WRC: FIA World Rally Championship,Europe,Games
UCES-00005/P,WRC: FIA World Rally Championship,Europe,Games
UCED-00017/0.1,WipEout Pure,Europe,Preproduction
ULES-01413/1.00,2010 FIFA World Cup South Africa,Europe,Preproduction
UCES-01295/FIN,Buzz! Quiz World,Europe,Games
UCES-01204,Buzz! Svenska Genier ~ Buzz! Suomen Neropatti,Europe,Games
UCES-01041/9978053,Buzz! Master Quiz,Europe,Games
UCES-01454/FIN,Buzz! The Ultimate Music Quiz,Europe,Games
ULJS-00438,Danganronpa: Kibou no Gakuen to Zetsubou no Koukousei,Japan,Games
ULJS-19060,Danganronpa: Kibou no Gakuen to Zetsubou no Koukousei,Japan,Games
ULJM-05977,Uta no Prince-sama: Music,Japan,Games
UCJP-00164-#66,LocoRoco 2,Japan,Preproduction
UCJP-00138-0,Navi-Chu,Japan,Preproduction
UCJP-00125-0,Patapon,Japan,Preproduction
UCJP-00060-1,PSP Camera 01,Japan,Preproduction
UCJP-00067-1,PSP Camera 03,Japan,Preproduction
UCJP-00103-0,Ratchet & Clank 5: Gekitotsu! Dodeka Ginga no MiriMiri Gundan,Japan,Preproduction
UCJP-00174,Resistance: Houfuku no Toki,Japan,Preproduction
UCUS-98668,Resistance: Houfuku no Toki,Japan,Preproduction
ULES-00036,NFL Street 2: Unleashed,Europe,Games
ULES-00821,World of Pool,Europe,Games
ULES-01477#,FIFA 11,Italy,Games
ULES-01356,Puzzle Chronicles,Europe,Games
ULES-01356#,Puzzle Chronicles,Europe,Games
ULES-00836,Donkey Xote,Europe,Games
UCJS-10092,Juusei to Diamond,Japan,Games
UCJS-10097,Trick x Logic: Season 1,Japan,Games
ULJS-00144,Infinite Loop: Kojou ga Miseta Yume,Japan,Games
UCJP-00003,Saru! Get You! P!,Japan,Preproduction
UCJP-00139,Mugen Kairou,Japan,Preproduction
UCJP-00154,Clank & Ratchet: Maru Hi Mission * Ignition!,Japan,Preproduction
ULJP-00523,Twelve: Sengoku Houshinden,Japan,Preproduction
ULJM-06133,Final Fantasy III,Japan,Games
ULJM-05279,Anata o Yurusanai,Japan,Games
ULJM-05351,Anata o Yurusanai,Japan,Games
ULJS-00545,The Idolmaster Shiny Festa: Groovy Tune,Japan,Games
ULES-01598,PES 2014: Pro Evolution Soccer,Europe,Games
ULES-01299,AFL Challenge,Australia,Games
UCES-01202,Buzz! Brain of Oz ~ Buzz! Brain of New Zealand,"Australia, New Zealand",Games
UCES-01293,Buzz! Quiz World,Australia,Games
ULES-00815,Ricky Ponting 2007: Pressure Play,Australia,Games
ULES-00387,Sudoku Coach,Australia,Games
UCES-00710,Syphon Filter: Logan's Shadow,Europe,Games
ULES-01586/E,FIFA 14,Europe,Games
ULES-01350,Tom Clancy's Ghost Recon: Predator,Europe,Games
ULUS-10411,X-Men Origins: Wolverine,USA,Games
ULES-00195,Dead to Rights: Reckoning,Europe,Games
UCUS-98692,SOCOM: U.S. Navy SEALs: Fireteam Bravo 2,USA,Demos
ULES-00567,Family Guy: Video Game!,"Europe, Australia",Games
ULES-01590,FIFA 14,Spain,Games
ULES-01304,Hannah Montana: Rock Out the Show,Europe,Games
ULJM-05110,Kamaitachi no Yoru 2 Tokubetsu-hen,Japan,Games
ULJM-05268,Kamaitachi no Yoru 2 Tokubetsu-hen,Japan,Games
ULJS-00284,Musou Tourou,Japan,Games
ULJS-00547,Fushigi no Dungeon: Fuurai no Shiren 4 Plus: Kami no Hitomi to Akuma no Heso,Japan,Games
ULJM-05981,Kuon no Kizuna: Sairinshou Portable,Japan,Games
ULJM-05105,Stealth feat. WipEout Pure Stealth Edition,Japan,Demos
ULES-01332,"Holy Invasion of Privacy, Badman! What Did I Do to Deserve This?","Europe, Australia",Games
ULES-01085,Wild Arms XF,Europe,Games
ULES-00268,Worms: Open Warfare,Europe,Games
ULJM-05613,BlazBlue: Calamity Trigger Portable,Japan,Games
UCJS-10023,Rezel Cross,Japan,Games
ULES-00668,Arthur and the Minimoys,Europe,Games
ULES-01095,Code Lyoko: Quest for Infinity,Europe,Games
ULES-00213,Gottlieb Pinball Classics,Europe,Games
ULES-01537,Naruto Shippuden: Ultimate Ninja Impact,Europe,Games
ULES-01537#,Naruto Shippuden: Ultimate Ninja Impact,Europe,Games
ULES-01191,The King of Fighters Collection: The Orochi Saga,Europe,Games
ULES-00705/1.03,Pac-Man Rally,Europe,Preproduction
UCES-01579,Street Cricket Champions 2,India,Games
ULES-00835,International Cricket Captain III,Europe,Games
ULES-01283,Rugby League Challenge,Europe,Games
ULES-00457,NASCAR,Europe,Games
ULES-01345,Astro Boy: The Video Game,Europe,Games
ULES-01562,Blazing Souls Accelate,Europe,Games
ULES-00290,007: From Russia with Love,UK,Games
ULES-00798,The History Channel: Great Battles of Rome,Europe,Games
ULES-00337,Infected,Europe,Games
ULES-00554,L.A. Rush,Europe,Games
ULES-00509,The Con,Europe,Games
ULES-01054,Warriors Orochi,Europe,Games
ULES-00974,WWII: Battle over the Pacific,Europe,Games
ULES-01418,"What Did I Do to Deserve This, My Lord!? 2",Europe,Games
ULES-01211,Samurai Shodown Anthology,Europe,Games
ULES-01261,Warriors Orochi 2,Europe,Games
ULES-01475,FIFA 11,Europe,Games
UCUS-98637,SOCOM: U.S. Navy SEALs: Fireteam Bravo,USA,Preproduction
ULES-00848,Brunswick Pro Bowling,Europe,Games
ULES-00834,Hot Brain,Europe,Games
ULES-01104,Mawaskes Puzzle,Europe,Games
ULES-01557,Shin Megami Tensei: Persona 2: Innocent Sin,Europe,Games
ULES-01515,Gladiator Begins,Europe,Games
ULES-00604,Dynasty Warriors Vol. 2,Europe,Games
UCES-01276,Ghostbusters: The Video Game,Europe,Games
ULES-01013,Chessmaster: The Art of Learning,Europe,Games
UCES-01297,Buzz! Quiz World,Europe,Games
ULES-00570,Online Chess Kingdoms,Europe,Games
ULES-01071,Iron Man,Europe,Games
ULES-01169,Monster Jam: Urban Assault,Europe,Games
ULES-01029,Platypus,Europe,Games
ULES-01394/E,Guilty Gear XX Accent Core Plus,Europe,Games
ULES-00591,World Series of Poker: Tournament of Champions: 2007 Edition,Europe,Games
ULJM-05558,Dariusburst,Japan,Games
ULES-00513,The Con,Spain,Games
ULUS-10149,Pac-Man World Rally,USA,Games
ULES-00909,Puzzle Quest: Challenge of the Warlords,Europe,Games
ULJM-05886,Gensou Suikoden: Tsumugareshi Hyakunen no Toki,Japan,Games
ULKS-46021,Astonishia Story,Korea,Games
ULES-01360,Gensan,Europe,Games
UCET-00359/0.04,Formula One 06,Europe,Preproduction
UCES-01445,Buzz! The Ultimate Music Quiz,Europe,Games
UCES-01130,Buzz! Master Quiz,Europe,Games
UCES-01206,Buzz! Polskie Łamigłówki ~ Buzz! Mozak Hrvatske,Europe,Games
UCES-01289,Buzz! Quiz World,Europe,Games
UCES-01320,Street Cricket Champions,India,Games
UCES-00890,Pursuit Force: Extreme Justice,Europe,Games
ULES-01483,FIFA 11,Poland,Games
ULES-01483#,FIFA 11,Poland,Games
ULES-01545,FIFA 12,Poland,Games
ULES-01568,FIFA 13,Poland,Games
ULES-01558,LEGO Harry Potter: Years 5-7,Europe,Games
UCJS-10105,Trick x Logic: Season 2,Japan,Games
ULES-01027,Super Collapse! 3,Europe,Games
ULES-00146#,Kao Challengers,Europe,Games
ULES-00042,V8 Supercars Australia 2,Australia,Games
ULES-00232,Stealth + WipEout Pure,Australia,Demos
UCET-01015,Patapon,Europe,Demos
ULES-00231,Furtif + WipEout Pure,France,Demos
ULES-01319,Cloudy with a Chance of Meatballs,"Europe, Australia",Games
UCJB-98304,Demo Disc for PSP Vol. 1,Australia,Demos
ULES-00452,50 Cent: Bulletproof: G-Unit Edition,Australia,Games
ULUS-10366,Valhalla Knights 2,USA,Games
ULES-01591,FIFA 14,Russia,Games
ULJS-00005,Lumines,Japan,Games
UCJS-10022,Beit Hell 2000,Japan,Games
ULES-00230,Stealth + WipEout Pure,Germany,Demos
ULES-00477,NHL 07,Europe,Games
UCES-00884#,Go!Explore,Italy,Applications
ULES-01175,Puzzler Collection,Europe,Games
ULES-00590,Aces of War,Europe,Games
ULES-00233,Bust-A-Move Ghost,Europe,Games
ULES-01429,Metal Slug XX,Europe,Games
ULJM-05855,Final Fantasy IV Complete Collection: Final Fantasy IV & The After Years,Japan,Games
ULJM-06122,Final Fantasy IV Complete Collection: Final Fantasy IV & The After Years,Japan,Games
ULJS-00568,Tiger & Bunny: Hero's Day,Japan,Games
ULJS-00569,Tiger & Bunny: Hero's Day,Japan,Games
ULJM-06374,Enkeltbillet,Japan,Games
ULJM-06162,Diabolik Lovers: Haunted Dark Bridal,Japan,Games
ULJM-06163,Diabolik Lovers: Haunted Dark Bridal,Japan,Games
ULJM-06310,"Diabolik Lovers: More, Blood",Japan,Games
ULJM-06311,"Diabolik Lovers: More, Blood",Japan,Games
ULJM-05848,Are you Alice?,Japan,Games
ULJM-05943,Gekka Ryouran Romance,Japan,Games
ULJM-06354,Taishou Mebiusline Portable,Japan,Games
ULJM-06289,Shiratsuyu no Kai,Japan,Games
ULJM-06142,Confidential Money: 300-Nichi de 3000-Man Dollar Kasegu Houhou,Japan,Games
ULJM-06143,Confidential Money: 300-Nichi de 3000-Man Dollar Kasegu Houhou,Japan,Games
ULUS-80022,Shin Megami Tensei: Persona 3 Portable,USA,Demos
UCES-01033,Buzz! Master Quiz,Europe,Games
UCES-01033/E,Buzz! Master Quiz,Europe,Games
UCES-01205,Buzz! De Strafste van België,Belgium,Games
ULES-01324,FIFA 10,Netherlands,Games
ULES-01324/P,FIFA 10,Netherlands,Games
ULES-01526,BlazBlue: Continuum Shift II,Europe,Games
ROSE-00025,0-ji no Kane to Cinderella: Halloween Wedding,Japan,Games
ULJM-06272,0-ji no Kane to Cinderella: Halloween Wedding,Japan,Games
ULUS-10137,Rapala Trophies,USA,Games
UCET-01058/0.07,Page Zero,Europe,Preproduction
ULJM-05930,Amnesia,Japan,Games
ULJM-05931,Amnesia,Japan,Games
ROSE-00004,"Asaki, Yumemishi",Japan,Games
ULJM-05870,"Asaki, Yumemishi",Japan,Games
ULJM-06065,Brothers Conflict: Passion Pink,Japan,Games
ULJM-06066,Brothers Conflict: Passion Pink,Japan,Games
ULJM-06325,Jewelic Nightmare,Japan,Games
ESGM-0002,Kaleido-Eve,Japan,Games
ULJM-06397,Kaleido-Eve,Japan,Games
ROSE-00027,School Wars: Sotsugyou Sensen,Japan,Games
ULJM-06283,School Wars: Sotsugyou Sensen,Japan,Games
ULJM-05985,Angelique: Maren no Rokukishi,Japan,Games
ULJM-06358,Chronostacia,Japan,Games
ULJM-05944,Clock Zero: Shuuen no Ichibyou Portable,Japan,Games
ULJM-05945,Clock Zero: Shuuen no Ichibyou Portable,Japan,Games
ULJM-06047,Hanaoni: Yume no Tsuzuki,Japan,Games
ULJM-06126,Kimikare: Shin Gakki,Japan,Games
ULJM-06285,Koibana Days: Pure Flower Garden,Japan,Games
ULJM-06327,Snow Bound Land,Japan,Games
ULES-00540,Who Wants to Be a Millionaire: Party Edition,Europe,Games
ULES-00663,DreamWorks Over the Hedge: Hammy Goes Nuts!,Europe,Games
ULES-00983,Telly Addicts,Europe,Games
ULES-00889,Thrillville: Off the Rails,Europe,Games
UCES-00853,Go!Explore,"Spain, Portugal",Applications
ULES-01561,Fate/Extra,Europe,Games
ULES-01066,Puzzler Collection,Europe,Games
ULES-00785,After Burner: Black Falcon,Europe,Games
UCJB-98303,Demo Disc for PSP Vol. 1,Europe,Demos
ULES-00950,The Golden Compass,Europe,Games
ULES-01467,PES 2011: Pro Evolution Soccer,Europe,Games
ULES-00659,Myst,Australia,Games
UCES-00885,Go!Explore,"Belgium, Netherlands",Applications
ULES-01596,PES 2014: Pro Evolution Soccer,Europe,Games
ULES-01482,FIFA 11,Netherlands,Games
ULES-01076,Disney/Pixar WALL-E,Europe,Games
ULES-01595,PES 2014: Pro Evolution Soccer,Europe,Games
ULJS-00266,Dot Hack Link,Japan,Games
ULJS-00279,Dot Hack Link,Japan,Games
ULJS-19058,Dot Hack Link,Japan,Games
ULJM-06298,O.G.A Onigokko Royal: Hunter wa Field de Koi o Suru,Japan,Games
ROSE-00006,Mother Goose no Himitsu no Yakata: Nursery Rhymes for you,Japan,Games
ULJM-05892,Mother Goose no Himitsu no Yakata: Nursery Rhymes for you,Japan,Games
PP-0004,Solomon's Ring: Chi no Shou,Japan,Games
ULJM-06204,Solomon's Ring: Chi no Shou,Japan,Games
ULUS-10165,Nickelodeon Avatar: The Last Airbender,USA,Games
ULUS-10307,Ben 10: Protector of Earth,USA,Games
ULJM-05926,Tanteibu: The Detective Club: Angou to Misshitsu to Kaijin to,Japan,Games
UCJS-10036,Kazuo,Japan,Games
ULJM-06280,Urakata Hakuouki,Japan,Games
ULJM-05894,Moujuutsukai to Oujisama Portable,Japan,Games
ULJM-05895,Moujuutsukai to Oujisama Portable,Japan,Games
ULJM-06014,Kannou Mukashi-banashi Portable,Japan,Games
ULJM-06265,Amnesia Crowd,Japan,Games
ULUS-10143,Bubble Bobble Evolution,USA,Games
ULUS-10362,Cake Mania: Baker's Challenge,USA,Games
ULUS-10356,CID the Dummy,USA,Games
ULUS-10235,Driver 76,USA,Games
ULUS-10219,Innocent Life: A Futuristic Harvest Moon,USA,Games
ULUS-10201,Luxor: The Wrath of Set,USA,Games
ULET-01077,Space Invaders Extreme,Europe,Preproduction
ULET-00749,Impossible Mission,Europe,Preproduction
ULUS-10229,Major League Baseball 2K7,USA,Games
ULUS-10331,Need for Speed: ProStreet,USA,Games
ULUS-10256,MTV Pimp My Ride,USA,Games
ULAS-42019,Burnout Legends,Asia,Games
ULJS-00221,Lara Croft Tomb Raider: Anniversary,Japan,Games
ULJM-05180,Lara Croft Tomb Raider: Legend,Japan,Games
ULUS-10326,Ford Racing: Off Road,USA,Games
ULUS-10138,MTX Mototrax,USA,Games
ULUS-10163,Pocket Racers,USA,Games
ULUS-10168,Scooby-Doo! Who's Watching Who?,USA,Games
ULUS-10318,Spider-Man: Friend or Foe,USA,Games
ULUS-10132,Super Monkey Ball Adventure,USA,Games
ULUS-10153,MotoGP,USA,Games
ULUS-10236,Burnout Dominator,USA,Games
ULUS-10344,Fading Shadows,USA,Games
ULUS-10198,The Fast and the Furious,USA,Games
ULUS-10190,Puzzle Scape,USA,Games
ULUS-10189,Snoopy vs. the Red Baron,USA,Games
ULUS-10233,Rocky Balboa,USA,Games
ULUS-10276,Tiger Woods PGA Tour 08,USA,Games
ULUS-10384,WWE SmackDown vs. Raw 2009,USA,Games
ULUS-10021GH,Midnight Club 3: DUB Edition,USA,Games
ULUS-10212,Winx Club: Join the Club,USA,Games
ULUS-10213,The Warriors,USA,Games
ULUS-10656,Summon Night 5,USA,Games
ULUS-10225,Puzzle Quest: Challenge of the Warlords,USA,Games
ULUS-10223,Cube,USA,Games
UCET-00357/1.00,LocoRoco,Europe,Preproduction
ULUS-10287,Super Collapse! 3,USA,Games
ULUS-10423,Warriors Orochi 2,USA,Games
ULUS-10185,Family Guy: Video Game!,USA,Games
ULUS-10131,NHL 07,USA,Games
ULJM-05571,Assassin's Creed: Bloodlines,Japan,Games
JRPG-00001,Black Rock Shooter: The Game,Japan,Games
ULJM-05859,Black Rock Shooter: The Game,Japan,Games
NW10107740,Ys vs. Sora no Kiseki: Alternative Saga,Japan,Games
ULJM-05679,Ys vs. Sora no Kiseki: Alternative Saga,Japan,Games
HONEY-007,Starry Sky: After Autumn Portable,Japan,Games
ULJM-06209,Starry Sky: After Autumn Portable,Japan,Games
HONEY-007,"Starry Sky: After Autumn Portable: Etsuran Shite Please ""Etsu Puritsu 2""",Japan,Bonus Discs
ULJM-06287,"Starry Sky: After Autumn Portable: Etsuran Shite Please ""Etsu Puritsu 2""",Japan,Bonus Discs
ULJS-00431,Tales of the Heroes: Twin Brave,"Japan, Korea",Games
ULJS-00432,Tales of the Heroes: Twin Brave,"Japan, Korea",Games
ULKS-46284,Tales of the Heroes: Twin Brave,"Japan, Korea",Games
HSN-0021,7th Dragon 2020,Japan,Games
ULJM-05923,7th Dragon 2020,Japan,Games
ULJS-00027,Comic Party Portable,Japan,Games
ULJM-05093,Initial D: Street Stage,Japan,Games
ULJM-08013,Initial D: Street Stage,Japan,Games
ULJM-08040,Initial D: Street Stage,Japan,Games
ULJS-00549,Kamen Rider: Super Climax Heroes,Japan,Games
ULJM-05577,MagusTale Eternity: Sekaiju to Koi suru Mahoutsukai,Japan,Games
ULJM-05422,Persona,Japan,Games
ULJM-05686,Persona,Japan,Games
ULJS-00378,PhotoKano,Japan,Games
ULJM-05560,Senjou no Valkyria 2: Gallia Ouritsu Shikan Gakkou,Japan,Games
ULJS-00193,SNK Arcade Classics Vol. 1,Japan,Games
ULJM-05753,Tactics Ogre: Unmei no Wa,Japan,Games
ULJS-00592,Vitamin R,Japan,Games
UCES-01207/POR,Buzz! Quem é o Génio Português? ~ Buzz! Sokrovishha nacii,Europe,Games
ULES-01331,FIFA 10,Portugal,Games
ULES-01550,FIFA 12,Portugal,Games
ULJM-06300,Toki no Kizuna: Hanamusubi Tsuzuri,Japan,Games
ULJM-05733,Eiyuu Densetsu: Zero no Kiseki,Japan,Games
ULES-01592,FIFA 14,Portugal,Games
ULJM-05731,Metal Fight Beyblade Portable: Chouzetsu Tensei! Vulcan Horuseus,Japan,Games
ULJM-05123,Gurumin,Japan,Games
ULJM-05493,Phantasy Star Portable 2,Japan,Games
ULJM-08030,Phantasy Star Portable 2,Japan,Games
ULJM-05780,Shining Hearts,Japan,Games
ULJM-08049,Shining Hearts,Japan,Games
ULJS-00138,Valhalla Knights 2,Japan,Games
ULJM-05181,Bomberman Land Portable,Japan,Games
ULJM-05319,Bomberman Land Portable,Japan,Games
ULJM-05147,Goku Makaimura,Japan,Games
ULES-01240,Disney G-Force,Russia,Games
UCET-00844,God of War: Chains of Olympus,Europe,Preproduction
ULES-00614,V8 Supercars Australia 3: Shootout,Australia,Games
ULES-00288,007: From Russia with Love,"Europe, Australia",Games
ULES-00516,The Con,Australia,Games
TCM-30002,Dead or Alive: Paradise,Japan,Games
ULJM-05640,Dead or Alive: Paradise,Japan,Games
ULJM-91017,Shin Sangoku Musou: Multi Raid,Japan,Demos
ULJM-05099,Ooedo Senryoubako,Japan,Games
ULJM-06034,DJ Max Portable: Black Square,Japan,Games
ULJM-05062,Exit,Japan,Games
ULJM-05271,Exit,Japan,Games
ULJS-00557,Sword Art Online: Infinity Moment,Japan,Games
ULJS-00558,Sword Art Online: Infinity Moment,Japan,Games
ULJM-05011,Puzzle Bobble Pocket,Japan,Games
UCET-00445/0.01,Ape Academy 2,Europe,Preproduction
ULUS-10553,PES 2011: Pro Evolution Soccer,Latin America,Games
ULJM-05527,Memories Off #5 Encore,Japan,Games
ULJM-05225,Street Fighter Zero 3 Double Upper,Japan,Games
ULJM-91016,Sora no Kiseki: Material Collection Portable Mini,Japan,Demos
ULJM-05440,Fantasy Golf Pangya Portable,Japan,Games
ULJM-05485,ToHeart 2 Portable,Japan,Games
ULJM-05485~6,ToHeart Portable,Japan,Games
ULES-00664,DreamWorks Vecinos Invasores: Hammy Enloquece,Spain,Games
ULES-01517,Battle vs. Chess,Europe,Preproduction
ULET-00435,Arthur and the Minimoys,Europe,Preproduction
ULET-00391,Juiced: Eliminator,Europe,Preproduction
UCET-00247,Key of Heaven,Europe,Preproduction
UCET-00751,Ratchet & Clank: Size Matters,Europe,Preproduction
ULJM-05490,Blazing Souls Accelate,Japan,Games
ULJS-19035,Code Geass: Hangyaku no Lelouch: Lost Colors,Japan,Games
ULUX-80153,Field Commander,USA,Preproduction
ULJM-06382,Grisaia no Meikyuu: Le Labyrinthe de la Grisaia,Japan,Games
ULJM-06395,Grisaia no Rakuen: Le Eden de la Grisaia,Japan,Games
ULJM-05904,Midnight Club: L.A. Remix,Japan,Games
UCJS-18031,Minna no Golf Portable 2,Japan,Games
ULJM-05703,Nise no Chigiri,Japan,Games
ULJS-00299,Storm Lover,Japan,Games
ULJS-00300,Storm Lover,Japan,Games
ULJM-06158,Taikou Risshiden V,Japan,Games
ULJM-05689,Wand of Fortune Portable,Japan,Games
ULET-00696,Sid Meier's Pirates!,Europe,Preproduction
ULJM-05122,Artlist Collection: The Dog Happy Life: Shiawase Wanko Seikatsu Dai-1-dan,Japan,Games
ULJM-95002,Artlist Collection: The Dog Happy Life: Shiawase Wanko Seikatsu Dai-1-dan: McDonald's Ver.,Japan,Games
ULES-00917/1.00,Crash of the Titans,Europe,Preproduction
ULUS-10655,FIFA 14: Edición Legado,Latin America,Games
ULJM-05162,Spectral vs. Generation,Japan,Games
ULES-00743,Disney/Pixar Ratatouille,Greece,Games
UCES-01581,Invizimals: Shadow Zone,Greece,Games
ULJM-05390,Rei Chou Aniki,Japan,Games
UCJS-10116,Ore no Shikabane o Koete Yuke,Japan,Games
UCJS-10117,Ore no Shikabane o Koete Yuke,Japan,Games
ULJM-05397,Guilty Gear Judgment,Japan,Games
ULJM-05355,Guilty Gear XX Accent Core Plus,Japan,Games
ULJS-00490,Ore no Imouto ga Konna ni Kawaii Wake ga Nai Portable ga Tsuzuku Wake ga Nai (Disc 1),Japan,Games
ULJS-00492,Ore no Imouto ga Konna ni Kawaii Wake ga Nai Portable ga Tsuzuku Wake ga Nai (Disc 1),Japan,Games
ULJS-19086,Ore no Imouto ga Konna ni Kawaii Wake ga Nai Portable ga Tsuzuku Wake ga Nai (Disc 1),Japan,Games
ULJS-00491,Ore no Imouto ga Konna ni Kawaii Wake ga Nai Portable ga Tsuzuku Wake ga Nai (Disc 2),Japan,Games
ULJS-00493,Ore no Imouto ga Konna ni Kawaii Wake ga Nai Portable ga Tsuzuku Wake ga Nai (Disc 2),Japan,Games
ULJS-19087,Ore no Imouto ga Konna ni Kawaii Wake ga Nai Portable ga Tsuzuku Wake ga Nai (Disc 2),Japan,Games
ULJM-06315,Brothers Conflict: Brilliant Blue,Japan,Games
UCJS-10039,Doko Demo Issho: Let's Gakkou!,Japan,Games
UCJS-10039/1.01,Doko Demo Issho: Let's Gakkou!,Japan,Games
UCJS-18012,Doko Demo Issho: Let's Gakkou!,Japan,Games
ULKS-46017,Star Wars Battlefront: Renegade Squadron,Korea,Games
ULJM-06225,Kisou Ryouhei Gunhound EX,Japan,Games
ULET-01349/0.01,Grand Theft Auto: Chinatown Wars,Europe,Preproduction
ULET-01349/0.02,Grand Theft Auto: Chinatown Wars,Europe,Preproduction
ULJS-00512,Accel World: Kasoku no Chouten,Japan,Games
ULJM-91020,Shin Sangoku Musou: Multi Raid 2,Japan,Demos
ULJS-00510,Accel World: Gin'yoku no Kakusei,Japan,Games
ULES-01103,Warning: Code de la Route,France,Games
ULES-00118,Dynasty Warriors,France,Games
UCET-00179/0.05,Lemmings,Europe,Preproduction
UCET-00006/0.01,WRC: FIA World Rally Championship,Europe,Preproduction
ULJS-00026,Kidou Keisatsu Patlabor: Kamubakku MiniPato,Japan,Games
ULJS-00294,Tales of the World: Radiant Mythology 3,Japan,Games
UCJS-10084,Clank & Ratchet: Maruhi Mission Ignition!,Japan,Games
ULJS-00293,Tales of Phantasia: Narikiri Dungeon X,Japan,Games
HONEY-006,Starry Sky: After Summer Portable,Japan,Games
ULJM-06208,Starry Sky: After Summer Portable,Japan,Games
HONEY-006,"Starry Sky: After Summer Portable: Etsuran Shite Please ""Etsu Puritsu 2""",Japan,Bonus Discs
ULJM-06255,"Starry Sky: After Summer Portable: Etsuran Shite Please ""Etsu Puritsu 2""",Japan,Bonus Discs
UCKS-45082,Echochrome: Muhan Hoerang,Korea,Games
ULKS-46065,Metal Gear Ac!d²,Korea,Games
UGPP-00501,Hakuouki: Yuugiroku,Japan,Games
ULJM-05663,Hakuouki: Yuugiroku,Japan,Games
ULJM-05959,Pop'n Music Portable 2,Japan,Games
ULJM-08020,Shin Sangoku Musou 2nd Evolution,Japan,Games
ULES-01569,FIFA 13,France,Games
ULKS-46057,WWE SmackDown vs. Raw 2006,Korea,Games
ULJM-06229,7th Dragon 2020-II,Japan,Games
ULJM-05824,Bunmei Kaika: Aoiza Ibunroku,Japan,Games
ULJM-05538,Busou Shinki: Battle Masters,Japan,Games
ULJS-00374,Chikyuu Boueigun 2 Portable,Japan,Games
ULJS-00381,Chikyuu Boueigun 2 Portable,Japan,Games
ULJM-05990,Danball Senki Boost,Japan,Games
ULJM-06096,Danball Senki W,Japan,Games
ULJS-00496,Digimon World Re:Digitize,Japan,Games
ULJM-05916,Hakuouki: Reimeiroku Portable,Japan,Games
ULJM-05917,Hakuouki: Reimeiroku Portable,Japan,Games
ULJM-05441,Harukanaru Toki no Naka de 3 with Izayoiki Aizouban,Japan,Games
ULJM-05952,Hatsune Miku: Project Diva 2nd,Japan,Games
ULJM-05518,J.League Pro Soccer Club o Tsukurou! 6: Pride of J,Japan,Games
ULJM-05898,J.League Pro Soccer Club o Tsukurou! 7: Euro Plus,Japan,Games
ULJM-06083,Jikkyou Powerful Pro Yakyuu 2012,Japan,Games
ULJM-05569,Kin'iro no Corda,Japan,Games
ULJM-05676,Last Ranker,Japan,Games
UCJS-10101,Minna no Tennis Portable,Japan,Games
UCJS-18049,Minna no Tennis Portable,Japan,Games
ULJS-00550,One Piece: Romance Dawn: Bouken no Yoake,"Japan, Korea",Games
ULKS-46287,One Piece: Romance Dawn: Bouken no Yoake,"Japan, Korea",Games
ULJS-00536,SD Gundam GGeneration Overworld,Japan,Games
ULJS-00522,Super Danganronpa 2: Sayonara Zetsubou Gakuen,Japan,Games
ULJS-00124,Suzumiya Haruhi no Yakusoku,Japan,Games
ULJS-19023,Suzumiya Haruhi no Yakusoku,Japan,Games
ULJM-06290,Toukiden,Japan,Games
ULJM-06185,Uta no Prince-sama: All Star,Japan,Games
ULJM-05771,World Soccer Winning Eleven 2011,Japan,Games
UCKS-45149,Zettai Hero Kaizou Keikaku,"Japan, Korea",Games
ULJS-00262,Zettai Hero Kaizou Keikaku,"Japan, Korea",Games
ULJM-05399,Hiiro no Kakera Portable,Japan,Games
ULJM-06067,Hiiro no Kakera Portable,Japan,Games
ULJS-00111,R-Type Tactics,Japan,Games
ULJS-00429,Mahou Shoujo Madoka Magica Portable,Japan,Games
ULJS-00430,Mahou Shoujo Madoka Magica Portable,Japan,Games
ULJM-06079,unENDing Bloody Call,Japan,Games
ULJM-05956,Arcana Famiglia: La Storia della Arcana Famiglia,Japan,Games
ULJM-06032,Arcana Famiglia: Vascello Phantasma no Majutsushi,Japan,Games
ULJS-00532,AKB1-149: Ren'ai Sousenkyo (Game Disc),Japan,Games
ULJS-00533,AKB1-149: Ren'ai Sousenkyo (Data Install Senyou Disc),Japan,Games
ULJS-00311,Dragon Ball Tag VS,Japan,Games
ULJS-19067,Dragon Ball Tag VS,Japan,Games
ULJM-05277,Eiyuu Densetsu: Sora no Kiseki SC (Disc 1),Japan,Games
ULJM-08034,Eiyuu Densetsu: Sora no Kiseki SC (Disc 1),Japan,Games
ULJM-05278,Eiyuu Densetsu: Sora no Kiseki SC (Disc 2),Japan,Games
ULJM-08035,Eiyuu Densetsu: Sora no Kiseki SC (Disc 2),Japan,Games
ULJS-00597,God Eater 2,Japan,Games
ULJS-00350,God Eater Burst: Append-ban,Japan,Games
ULJM-05691,"Hanayaka Nari, Wa ga Ichizoku",Japan,Games
UCKS-45104,Prinny: Ore ga Shujinkou de Iinsuka?,"Japan, Korea",Games
ULJS-00150,Prinny: Ore ga Shujinkou de Iinsuka?,"Japan, Korea",Games
ULJM-06240,Pro Yakyuu Spirits 2013,Japan,Games
ULJM-06024,Sengoku Musou 3 Z Special,Japan,Games
ULJM-05584,Shin Sangoku Musou 5 Empires,Japan,Games
ULJS-00081,Taiko no Tatsujin Portable 2,Japan,Games
ULJM-06292,Uta no Prince-sama: Music 2,Japan,Games
ULJM-05648,World Soccer Winning Eleven 2010: Aoki Samurai no Chousen,Japan,Games
ULKS-46085,Dragon Ball Z: Jinmudohoe,Korea,Games
ULKS-46086,Naruto: Narutimate Portable: Muhwanseongui Gwon,Korea,Games
ULJM-05049,Burnout Legends,Japan,Games
UCJS-10061,Coded Soul: Uketsugareshi Idea,Japan,Games
ULJM-05690,D.C. Girl's Symphony Pocket,Japan,Games
ULJS-00004,Eiyuu Densetsu Gagharv Trilogy: Shiroki Majo,Japan,Games
ULJS-00281,Gundam Assault Survive,Japan,Games
ULJM-05421,Jikkyou Powerful Pro Yakyuu Portable 4,Japan,Games
ULJS-19030,Kenka Banchou 3: Zenkoku Seiha,Japan,Games
UCJS-10107,LittleBigPlanet Portable,Japan,Games
ULJS-00089,Makai Senki Disgaea Portable,Japan,Games
ULJM-05072,Nobunaga no Yabou: Shouseiroku,Japan,Games
ULJM-05329,Nobunaga no Yabou: Shouseiroku,Japan,Games
UCJS-10077,Patapon,Japan,Games
UCJS-18027,Patapon,Japan,Games
UCJS-10052,Ratchet & Clank 5: Gekitotsu! Dodeka Ginga no MiriMiri Gundan,Japan,Games
ULJS-00434,Sangoku-hime: Sangoku Ransei: Haten no Saihai,Japan,Games
ULJM-05398,Sangokushi VIII,Japan,Games
ULJM-05934,Senritsu no Stratus,Japan,Games
ULJM-05683,Starry Sky: In Spring Portable,Japan,Games
ULJM-05031,Twelve: Sengoku Fuushinden,Japan,Games
ULJM-05817,Uta no Prince-sama: Sweet Serenade,Japan,Games
ULJM-05834,Wand of Fortune 2: Jikuu ni Shizumu Mokushiroku,Japan,Games
ULJM-05922,World Soccer Winning Eleven 2012,Japan,Games
ULES-00745,Disney · Pixar Rottatouille,Norway,Games
UCKM-84003,Personal Utility Disc Ver. 1.0,Korea,Applications
ULKS-46015,Untold Legends: Brotherhood of the Blade,Korea,Games
ULJM-05885,Grand Theft Auto: Liberty City Stories,Japan,Games
ULJM-05308,Need for Speed: ProStreet,Japan,Games
ULJM-05443,Need for Speed: ProStreet,Japan,Games
UCJS-10004,Saru! Get You! P!,Japan,Games
ULJM-06020,Shining Blade,Japan,Games
ULKS-46024,World Soccer Winning Eleven 9: Ubiquitous Evolution,Korea,Games
ULJM-05868,Akiba's Trip,Japan,Games
ULJS-00317,Durarara!! 3way Standoff,Japan,Games
ULJS-00318,Durarara!! 3way Standoff,Japan,Games
UCJS-10016,Fukufuku no Shima,Japan,Games
ULJS-00393,Gundam Memories: Tatakai no Kioku,Japan,Games
ULJM-05998,"Hanayaka Nari, Wa ga Ichizoku: Kinema Mosaic",Japan,Games
ULJS-00257,Katekyoo Hitman Reborn! Kizuna no Tag Battle,Japan,Games
ULJS-00523,Kuroko no Baske: Kiseki no Game,Japan,Games
ULJS-19097,Kuroko no Baske: Kiseki no Game,Japan,Games
ULJS-00103,Minna no Chizu 2,Japan,Applications
ULAS-42098,Puyo Puyo! Puyopuyo 15th Anniversary,"Japan, Asia",Games
ULJM-05177,Puyo Puyo! Puyopuyo 15th Anniversary,"Japan, Asia",Games
ULJM-05342,Puyo Puyo! Puyopuyo 15th Anniversary,"Japan, Asia",Games
ULJM-05905,Uta no Prince-sama: Repeat,Japan,Games
ULJM-05887,Steins;Gate,Japan,Games
ULJM-05739,Winning Post 7 2010,Japan,Games
ULJM-05735,Ken to Mahou to Gakuen Mono. 3,Japan,Games
ULJM-91018,Phantasy Star Portable 2,Japan,Demos
ULJS-00331,Kamen Rider: Climax Heroes OOO,Japan,Games
HONEY-002,Starry Sky: In Summer Portable,Japan,Games
ULJM-05740,Starry Sky: In Summer Portable,Japan,Games
ULJS-00143,Super Robot Taisen A Portable,Japan,Games
ULJM-05785,Uta no Prince-sama: Amazing Aria,Japan,Games
ULJM-05903,Sengoku Basara: Chronicle Heroes,"Japan, Korea",Games
ULKS-46259,Sengoku Basara: Chronicle Heroes,"Japan, Korea",Games
UCKS-45158,Bleach: Heat the Soul 7,Korea,Games
ULJS-00383,Taiko no Tatsujin Portable DX,"Japan, Korea",Games
ULKS-46273,Taiko no Tatsujin Portable DX,"Japan, Korea",Games
ULKS-46240,DJ Max Portable: Hot Tunes,Korea,Games
ULJS-00056,Koukyou Shihen Eureka Seven,Japan,Games
UCJS-10113,Patapon 3,Japan,Games
ULKS-46270,Silhwang Powerful Pro Yagu 2011,Korea,Games
UCJS-10093,Bleach: Heat the Soul 6,Japan,Games
ULJM-05779,Gungnir: Masou no Gunshin to Eiyuu Sensou,Japan,Games
ULJM-05343,Ken to Mahou to Gakuen Mono.,Japan,Games
ULJM-06001,Ren'ai Banchou 2: Midnight Lesson!!!,Japan,Games
ULJS-19057,Ace Combat X2: Joint Assault,Japan,Games
ULJS-00322,Another Century's Episode Portable,Japan,Games
UCJS-10095,Boku no Natsuyasumi 4: Setouchi Shounen Tanteidan: Boku to Himitsu no Chizu,Japan,Games
ULJS-00309,"Daito Giken Koushiki Pachi-Slot Simulator: Ossu! Misao, Maguro Densetsu Portable",Japan,Games
ULJS-00541,Digimon Adventure,Japan,Games
ULJM-05608,Fairy Tail: Portable Guild,Japan,Games
ULJM-08050,Fairy Tail: Portable Guild,Japan,Games
ULJS-00122,Gundam Battle Chronicle,Japan,Games
ULJS-00456,Heroes Phantasia,Japan,Games
ULJS-00546,The Idolmaster Shiny Festa: Funky Note,Japan,Games
ULJS-00544,The Idolmaster Shiny Festa: Honey Sound,Japan,Games
ULJS-00218,Katekyoo Hitman Reborn! Battle Arena 2: Spirits Burst,Japan,Games
ULJS-00517,Kenka Banchou Bros. Tokyo Battle Royale,Japan,Games
ULJM-05989,Kurohyou 2: Ryuu ga Gotoku Ashura-hen,Japan,Games
ULJM-05982,Lord of Apocalypse,Japan,Games
ULJM-05325,Star Ocean: Second Evolution,Japan,Games
ULJM-05591,Star Ocean: Second Evolution,Japan,Games
ULJS-00389,Toriko: Gourmet Survival,Japan,Games
ULJM-06038,Winning Post 7 2012,Japan,Games
ULJM-05299,Yggdra Union,Japan,Games
ULJM-06219,Black Wolves Saga: Last Hope,Japan,Games
ULJM-05344,Panic Palette Portable,Japan,Games
ULJS-00007,AI Mahjong,Japan,Games
ULJS-00188,Bokujou Monogatari: Sugar Mura to Minna no Negai,Japan,Games
UCJS-18018,TalkMan,Japan,Games
ULJM-05734,Yu-Gi-Oh! 5D's Tag Force 5,Japan,Games
ULJS-00440,Nendoroid Generation,Japan,Games
ULJS-00441,Nendoroid Generation,Japan,Games
ULJM-05541,Tokimeki Memorial 4,Japan,Games
ULJM-05410,Zill O'll Infinite Plus,Japan,Games
ULES-00510,L'Arnaqueur,France,Games
ULJM-05709,K-ON! Houkago Live!!,Japan,Games
ULJM-08048,K-ON! Houkago Live!!,Japan,Games
UCJS-10021,Blade Dancer: Sennen no Yakusoku,Japan,Games
ULJM-06349,Kin'iro no Corda 3: Another Sky feat. Jinnan,Japan,Games
ULJM-05184,Planetarium Creator Oohira Takayuki Kanshuu: Homestar Portable,Japan,Games
ULJM-06023,12-ji no Kane to Cinderella: Halloween Wedding,Japan,Games
ULJM-05992,Amatsumi Sora ni! Kumo no Hatate ni (Disc 1),Japan,Games
UCJS-10057,Bleach: Heat the Soul 4,Japan,Games
ULJS-00459,Boku wa Tomodachi ga Sukunai Portable,Japan,Games
ULJM-05294,Chronicle of Dungeon Maker II,Japan,Games
ULJS-00060,Daito Giken Koushiki Pachi-Slot Simulator: Yoshimune Portable,Japan,Games
ULJM-05847,Hanaoni: Koisomeru Koku: Eikyuu no Shirushi,Japan,Games
ULJM-05843,Harukanaru Toki no Naka de 5,Japan,Games
ULJS-00295,Hisshou Pachinko: Pachi-Slot Kouryaku Series Portable Vol. 1: Shin Seiki Evangelion: Tamashii no Kiseki,Japan,Games
ULJS-00063,Innocent Life: Shin Bokujou Monogatari,Japan,Games
ULJM-05991,Jikkyou Powerful Pro Yakyuu 2011 Ketteiban,Japan,Games
ULJS-00131,Kidou Senshi Gundam: Gihren no Yabou: Axis no Kyoui,Japan,Games
ULJM-05213,Medal of Honor: Heroes,Japan,Games
ULJM-05318,Medal of Honor: Heroes,Japan,Games
ULJM-05386,NBA Live 09,Japan,Games
ULJM-05536,NBA Live 10,Japan,Games
ULJM-05737,NBA Live 10,Japan,Games
ULJM-05140,Numpla & Oekaki Puzzle,Japan,Games
ULJM-05489,Persona 3 Portable,Japan,Games
ULJM-08044,Persona 3 Portable,Japan,Games
ULJM-05605,Pop'n Music Portable,Japan,Games
ULJM-05537,Power Pro Success Legends,Japan,Games
ULJM-05539,Puyo Puyo 7,Japan,Games
ULJM-05263,Shougi ga Tsuyokunaru: Gekisashi: Jouseki Doujou,Japan,Games
ULJM-05146,Sudoku,Japan,Games
ULJS-00553,Summon Night 5,Japan,Games
ULJM-05751,Suzumiya Haruhi-chan no Mahjong,Japan,Games
ULJM-06381,Uta no Prince-sama: All Star After Secret,Japan,Games
ULJS-00427,Weiss Schwarz Portable: 2 Turn-me,Japan,Games
ULJS-00421,Weiss Schwarz Portable: Boost Weiss,Japan,Games
ULJM-05128,Boku wa Koukuu Kanseikan: Airport Hero Narita,Japan,Games
UCJS-10056,Minna no Golf-jou Vol. 1 (Disc 2),Japan,Games
ULJS-00211,Minna no Navi (Disc 1),Japan,Games
ULJS-00212,Minna no Navi (Disc 2),Japan,Games
ULJM-05553,Warship Gunner 2 Portable,Japan,Games
ULJM-05391,Rockman Rockman,Japan,Games
ULJS-00270,Classic Dungeon: Fuyoku no Masoujin,Japan,Games
ULJS-00360,Rurouni Kenshin: Meiji Kenkaku Romantan Saisen,Japan,Games
ULJM-05004,Mahjong Taikai,Japan,Games
ULJM-06012,Pro Yakyuu Spirits 2012,Japan,Games
ULJS-00015,Tales of Eternia,Japan,Games
ULJS-19004,Tales of Eternia,Japan,Games
ULJM-95004,Tales of the World: Radiant Mythology,Japan,Games
ULJM-06135,UnchainBlades EXXiV,Japan,Games
ULJM-06153,Nikoli no Sudoku Lite Daisan-shuu,Japan,Games
UCAS-40113,Ridge Racers 2,Asia,Games
UCKS-45032,Ridge Racers 2,Asia,Games
ULJS-00182,Makai Senki Disgaea 2 Portable,Japan,Games
ULJS-19053,Makai Senki Disgaea 2 Portable,Japan,Games
ULJM-06089,Juuza Engi: Engetsu Sangokuden,Japan,Games
ULJM-06071,Soukoku no Kusabi: Hiiro no Kakera 3: Ashita e no Tobira,Japan,Games
ULJS-00458,Kirameki School Life SP: The Wonder Years,Japan,Games
ULJM-06352,"Shinobi, Koiutsutsu",Japan,Games
ULJS-00097,Tales of Destiny 2,Japan,Games
KTGS-P0230,Kin'iro no Corda 3: Full Voice Special,Japan,Games
ULJM-06322,Kin'iro no Corda 3: Full Voice Special,Japan,Games
ULJM-05759,Persona 2: Tsumi: Innocent Sin,Japan,Games
ULJM-06379,Satomi Hakkenden: Hamaji Hime no Ki,Japan,Games
ULJM-05001,Metal Gear Ac!d,Japan,Games
ULJM-06113,Nayuta no Kiseki,Japan,Games
UCJS-10005,PoPoLoCrois Monogatari: Pietro Ouji no Bouken,Japan,Games
UCJS-10102,SOCOM: U.S. Navy SEALs Portable,Japan,Games
ULJS-00277,Vitamin Z Revolution,Japan,Games
UCJS-10076,Yuusha no Kuse ni Namaiki da.,Japan,Games
ULJM-05040,Princess Crown,Japan,Games
ULJM-05236,Princess Crown,Japan,Games
UCES-01197,Buzz! Le Plus Malin des Français,France,Games
ULES-00162,FIFA 06,France,Games
ULES-01326,FIFA 10,France,Games
ULES-01476#,FIFA 11,France,Games
ULES-01546,FIFA 12,France,Games
ULES-01587,FIFA 14,France,Games
ULES-00157,NBA Live 06,France,Games
ULJS-00282,"Shin Master of Monsters Final EX: Mukunaru Nageki, Tenmei no Saika",Japan,Games
ULJM-05564,Silent Hill: Shattered Memories,Japan,Games
ULJM-05828,Silent Hill: Shattered Memories,Japan,Games
UCES-00882,Go!Explore,France,Applications
ULES-00588,Ford Street Racing XR Edition,Australia,Games
ULUS-10129,Micro Machines V4,USA,Games
ULUS-10401,Samurai Shodown Anthology,USA,Games
ULUS-10401F,Samurai Shodown Anthology,USA,Games
UCES-01229,Dissidia Final Fantasy,Russia,Games
ULES-00558,Medal of Honor: Heroes,France,Games
ULUX-80215,Mercury Meltdown,USA,Preproduction
ULJM-05964,Puyo Puyo!! Puyopuyo 20th Anniversary,Japan,Games
ULJM-06212,Puyo Puyo!! Puyopuyo 20th Anniversary,Japan,Games
UCJB-98001,Demo Disc for PSP Vol. 1,Japan,Demos
UCJB-98002,Demo Disc for PSP Vol. 2,Japan,Demos
ULJS-19062,Kenka Banchou 5: Otoko no Rule,Japan,Games
ULJM-05411,Tomoyo After: It's a Wonderful Life: CS Edition,Japan,Games
ULJM-05587,Tegami Bachi: Kokoro Tsumugu Mono e,Japan,Games
ULES-00321,Disney/Pixar Cars,France,Games
ULJM-05430,Medal of Honor: Heroes 2,Japan,Games
UCJP-00161-#11,LocoRoco 2,Japan,Preproduction
ULES-00994,MX vs. ATV Extrême Limite,France,Games
ULET-00148/0.01,Kao Challengers,Europe,Preproduction
UCES-01291,Buzz! Quiz World,Europe,Games
ULES-01476,FIFA 11,France,Games
ULUS-10394,FIFA Soccer 09,Canada,Games
ULES-01438,Prince of Persia: Zabytye peski,Russia,Games
ULES-01317,Il-2 Shturmovik: Krylatye xishhniki,Russia,Games
ULES-01529,LEGO Piraty Karibskogo morya: Videoigra,Russia,Games
ULES-00475,E'ragon,Russia,Games
ULES-01273,Imagine: Champion Rider,Russia,Games
ULJM-05371,Burnout Dominator,Japan,Games
ULAS-42095,Burnout Dominator,Asia,Games
ULAS-42115,The Simpsons Game,Asia,Games
ULES-01480,FIFA 11,Russia,Games
ULES-01361,"Oblachno, vozmozhny osadki v vide frikadelek",Russia,Games
ULES-01495,Disney TRON: Evolution,Russia,Games
ULES-00911,Sega Rally,Russia,Games
ULES-00566,M.A.C.H.: Modified Air Combat Heroes,Russia,Games
ULES-01057,FIFA 08,Russia,Games
ULJS-00313,Twinkle Crusaders Starlit Brave,Japan,Games
ULJS-00359,Kenka Banchou 5: Otoko no Rule,Japan,Games
ULJS-00308,Venus & Braves: Majo to Megami to Horobi no Yogen,Japan,Games
UCJS-10089,Patapon 2: Don-Chaka,Japan,Games
UCJS-18036,Patapon 2: Don-Chaka,Japan,Games
UCJS-18053,Patapon 2: Don-Chaka,Japan,Games
ULJM-05488,Elminage II: Sousei no Megami to Unmei no Daichi,Japan,Games
ULJM-05883,Elminage III: Ankoku no Shito to Taiyou no Kyuuden,Japan,Games
ULJM-05232,Lumines II,Japan,Games
ULJM-05055,Rengoku II: The Stairway to H.E.A.V.E.N.,Japan,Games
ULJM-05152,Densha de Go! Pocket: Tokaidosen-hen,Japan,Games
ULJM-05864,Elminage Original: Yami no Miko to Kamigami no Yubiwa,Japan,Games
ULJM-06319,Jikkyou Powerful Pro Yakyuu 2013,Japan,Games
ULJS-00564,Ultraman All-Star Chronicle,Japan,Games
ULJM-06331,World Soccer Winning Eleven 2014,Japan,Games
UCAS-40100,King's Field: Additional I,Asia,Games
UCAS-40105,King's Field: Additional II,Asia,Games
ULES-01404,Disney/Pixar Istoriya igrushek: Bol'shoj pobeg,Russia,Games
ULJM-06295,Dia no Kuni no Alice: Wonderful Mirror World,Japan,Games
ULJS-00356,Ore no Imouto ga Konna ni Kawaii wake ga Nai Portable,Japan,Games
ULJS-00358,Ore no Imouto ga Konna ni Kawaii wake ga Nai Portable,Japan,Games
ULJS-00186,ToraDora Portable!,Japan,Games
ULJS-00176,Soul Eater: Battle Resonance,Japan,Games
ULJM-06362,Kuroyuki-hime: Snow Black,Japan,Games
UCKS-45092,Ikuze! Gen-san: Yuuyake Daiku Monogatari,Korea,Games
ULJS-00339,Amagami,Japan,Games
ULJM-05383,Planetarian: Chiisa na Hoshi no Yume,Japan,Games
UCAS-40139,Magic Sudoku,Asia,Games
ULJS-00021,Bounty Hounds,Japan,Games
UCJS-10087,LocoRoco 2,Japan,Games
ULJS-00243,La Pucelle: Ragnarok,Japan,Games
ULJM-05542,Lucky Star: Net Idol Meister,Japan,Games
ULJS-00123,Suzumiya Haruhi no Yakusoku,Japan,Games
ULJM-05203,Kanon,Japan,Games
ULJS-00423,Ao no Exorcist: Genkoku no Labyrinth,Japan,Games
ULJS-00424,Ao no Exorcist: Genkoku no Labyrinth,Japan,Games
ULJS-00399,Durarara!! 3way Standoff: Alley,Japan,Games
ULJS-00353,Toaru Kagaku no Railgun,Japan,Games
ULJS-00420,Weiss Schwarz Portable: Boost Schwarz,Japan,Games
ULJS-00191,Zettai Zetsumei Toshi 3: Kowareyuku Machi to Kanojo no Uta,Japan,Games
ULJM-05061,FIFA 06,Japan,Games
UCJS-10019,Formula 1: F1 05 Portable,Japan,Games
ULJS-00010,Kollon,Japan,Games
ULJM-06097,Musou Orochi 2 Special,Japan,Games
ULJS-00059,Pilot ni Narou! Flying All Stars,Japan,Games
ULJS-19054,Tekken 6,Japan,Games
ULJS-00075,Valhalla Knights,Japan,Games
ULJM-06161,World Soccer Winning Eleven 2013,Japan,Games
ULJM-05373,Yu-Gi-Oh! Duel Monsters GX: Tag Force 3,Japan,Games
ULJM-05129,007: Russia yori Ai o Komete,Japan,Games
ULJM-06112,Airou de Puzzle,Japan,Games
ULJM-06043,Amnesia Later,Japan,Games
ULJM-05138,Carnage Heart Portable,Japan,Games
ULJS-00323,Criminal Girls,Japan,Games
ULJS-00337,Danganronpa: Kibou no Gakuen to Zetsubou no Koukousei,Japan,Games
ULJS-00220,Hagane no Renkinjutsushi: Fullmetal Alchemist: Senaka o Takuseshi Mono,Japan,Games
ULJM-05497,Heart no Kuni no Alice: Wonderful Wonder World (Disc 1),Japan,Games
ULJM-05498,Heart no Kuni no Alice: Wonderful Wonder World (Disc 2),Japan,Games
ULJM-05678,Jikkyou Powerful Pro Yakyuu 2010,Japan,Games
ULJM-05965,Ken to Mahou to Gakuen Mono. Final: Shinnyuusei wa Ohime-sama!,Japan,Games
ULJM-05334,Memories Off,Japan,Games
ULJS-00047,Namco Museum Vol. 2,Japan,Games
ULJM-05778,NBA 2K11,Japan,Games
UCJS-10080,Nippon no Asoko de,Japan,Games
ULJM-05126,Nouryoku Trainer Portable 2,Japan,Games
ULJM-05464,Pia Carrot e Youkoso!! G.P. Gakuen Princess Portable,Japan,Games
ULJS-00326,Sengoku Efuda Yuugi: Hototogisu Tairan,Japan,Games
ULJM-05637,Shin Sangoku Musou: Multi Raid 2,Japan,Games
ULJS-00061,Shin Seiki Evangelion 2: Tsukurareshi Sekai: Another Cases,Japan,Games
ULJM-05095,Winning Post 6 2006,Japan,Games
ULJM-05312,Winning Post 6 2006,Japan,Games
UCJS-10013,Yarudora Portable: Kisetsu o Dakishimete,Japan,Games
UCJS-10015,Yarudora Portable: Yukiwari no Hana,Japan,Games
ULJM-05451,Fate/Unlimited Codes Portable,Japan,Games
ULJM-05850,BlazBlue: Continuum Shift II,Japan,Games
ULJM-05839,Gakuen Hetalia Portable,Japan,Games
UCJS-10100,Gran Turismo,Japan,Games
ULJM-05647,Otome wa Oanesama Boku ni Koi Shiteru Portable,Japan,Games
ULJM-05758,Sakura Sakura: Haru Urara,Japan,Games
ULJS-19050,Zettai Zetsumei Toshi 3: Kowareyuku Machi to Kanojo no Uta,Japan,Games
ULJS-00240,Mahou Shoujo Lyrical Nanoha A's Portable: The Battle of Aces,Japan,Games
ULJS-00180,Midnight Club: L.A. Remix,Japan,Games
ULJS-00196,Valhalla Knights 2: Battle Stance,Japan,Games
ULJM-05125,Boxer's Road 2: The Real,Japan,Games
UCJS-18013,Boku no Natsuyasumi Portable: Mushi Mushi Hakase to Teppen-yama no Himitsu!!,Japan,Games
ULJM-05966,FIFA 12: World Class Soccer,Japan,Games
ULJS-00355,Gachitora! Abarenbou Kyoushi in High School,Japan,Games
UCAS-40158,Mawaskes: Based on Carton-kun,Asia,Games
ULJM-06115,Anohana: Ano Hi Mita Hana no Namae o Bokutachi wa Mada Shiranai.,Japan,Games
ULJS-00507,Bakemonogatari Portable,Japan,Games
ULJS-00508,Bakemonogatari Portable,Japan,Games
ULJS-00066,Plus Plumb 2 Again,Japan,Games
ULJS-00609,Storm Lover Kai!!,Japan,Games
ULJM-05701,Hanakisou,Japan,Games
ULJM-05829,Mizu no Senritsu,Japan,Games
ULJM-05646,2010 FIFA World Cup: Minami Africa Taikai,Japan,Games
ULJS-00518,All Kamen Rider: Rider Generation 2,Japan,Games
ULJS-00238,Battle Spirits: Kiseki no Hasha,Japan,Games
ULJM-05844,Busou Shinki: Battle Masters Mk. 2,Japan,Games
ULJS-00475,Kidou Senshi Gundam AGE: Universe Accel,Japan,Games
ULJM-05889,Mashiro Iro Symphony: Mutsu-no-hana,Japan,Games
ULJM-05030,Rockman Dash: Hagane no Boukenshin,Japan,Games
ULJM-05215,Rockman Dash: Hagane no Boukenshin,Japan,Games
ULJS-00498,Tiger & Bunny: On-Air Jack!,Japan,Games
ULJM-06085,Time Travelers,Japan,Games
ULJM-06376,Toukiden Kiwami,Japan,Games
ULJM-06226,Megpoid the Music#,Japan,Games
UCKS-45038,Ace Combat X: Skies of Deception,Korea,Games
UCKS-45067,Ace Combat X: Skies of Deception,Korea,Games
UCKS-45071,Coded Soul: Gyeseungdoeneun Idea,Korea,Games
UCKS-45107,Dissidia Final Fantasy,Korea,Games
ULKS-46153,FIFA 08,Korea,Games
ULKS-46008,Flowars,Korea,Games
UCKS-45131,Jak and Daxter: The Lost Frontier,Korea,Games
ULKS-46255,Silhwang Powerful Pro Yagu 2010,Korea,Games
UCKS-45162,Lord of Arcana,Korea,Games
UCKS-45142,Echoshift,Korea,Games
ULKS-46249,Pro Yagu Spirits 2010,Korea,Games
ULKS-46281,Pro Yagu Spirits 2012,Korea,Games
UCKS-45128,SOCOM: U.S. Navy SEALs: Fireteam Bravo 3,Korea,Games
ULKS-46115,Thrillville: Off the Rails,Korea,Games
ULKS-46018,Win-TOEIC Beginners' LC,Korea,Games
ULKS-46236,DJ Max Portable 3,Korea,Games
ULJS-00272,Marriage Royale: Prism Story,Japan,Games
ULJM-06050,Abunai: Koi no Sousa Shitsu,Japan,Games
UCJS-10111,Boku no Natsuyasumi Portable 2: Nazo Nazo Shimai to Chinbotsusen no Himitsu!,Japan,Games
ULJM-06309,Glass Heart Princess Platinum,Japan,Games
ULKS-46231,Assassin's Creed: Bloodlines,Korea,Games
ULKS-46054,Exit,Korea,Games
ULKS-46158,Gundam Battle Chronicle,Korea,Games
ULKS-46082,Oh's Talk English (Disc 1),Korea,Games
ULKS-46083,Oh's Talk English (Disc 2),Korea,Games
ULKS-46100,Tokobot,Korea,Games
ULKS-46016,Coded Gun,Korea,Games
ULKS-46248,Dante's Inferno,Korea,Games
ULJM-05614,Himawari: Pebble in the Sky Portable,Japan,Games
ULJS-00255,Last Escort: Club Katze,Japan,Games
ULJM-05866,S.Y.K Renshouden Portable,Japan,Games
ULJM-05809,Starry Sky: In Autumn Portable,Japan,Games
ULKS-46117,The Sims 2: Pets,Korea,Games
ULJM-06172,Tokyo Yamanote Boys Portable: Super Mint Disc,Japan,Games
ULJS-00346,Vitamin X to Z,Japan,Games
ULJS-00450,Fate/Extra CCC,Japan,Games
ULJS-00534,Kokoro Connect: Yochi Random,Japan,Games
ULJS-00051,Minna no Chizu,Japan,Applications
ULJS-00396,Storm Lover Natsukoi!!,Japan,Games
ULJM-05034,Bomberman Portable,Japan,Games
ULJM-05023,Bomberman: Panic Bomber,Japan,Games
ULJM-05579,Gurumin,Japan,Games
ULJM-05037,Rockman Dash 2: Episode 2: Ooinaru Isan,Japan,Games
ULJM-05216,Rockman Dash 2: Episode 2: Ooinaru Isan,Japan,Games
UCJS-10091,Saru! Get You! Piposaru Senki,Japan,Games
ULJS-19005,Lumines,Japan,Games
ULJM-05017,Shutokou Battle,Japan,Games
ULJM-08051,Shutokou Battle,Japan,Games
ULJS-00445,Super Robot Taisen OG Saga: Masoukishin: The Lord of Elemental,Japan,Games
ULJM-05345,Mana-Khemia: Gakuen no Renkinjutsushi-tachi Portable +,Japan,Games
ULJM-05950,Mother Goose no Himitsu no Yakata: Blue Label,Japan,Games
UCED-00413/9677079,Syphon Filter: Dark Mirror,Europe,Demos
ULED-01539-/-7003769,Naruto Shippuden: Ultimate Ninja Impact,France,Demos
ULES-00199,Le Seigneur des Anneaux: Tactics,France,Games
ULJM-06291,Arcana Famiglia 2: La Storia della Arcana Famiglia,Japan,Games
ULJM-05453,Boku wa Koukuu Kanseikan: Airport Hero Shinchitose,Japan,Games
ULJM-05508,Kiniro no Corda 2f Encore,Japan,Games
UCAS-40279,NBA 10: The Inside,Asia,Games
ULAS-42076,NBA Live 07,Asia,Games
ULJM-05374,Neo Angelique Special,Japan,Games
ULES-01475#,FIFA 11,Europe,Games
ULES-01481#,FIFA 11,Portugal,Games
ULJS-00139,Minna no Chizu 3 (Disc 1),Japan,Applications
ULJS-00140,Minna no Chizu 3 (Disc 2),Japan,Games
ULJS-00132,Tales of Rebirth,Japan,Games
ULJS-19033,Tales of Rebirth,Japan,Games
ULJM-05426,Ayakashibito: Genyou Ibunroku Portable,Japan,Games
ULJM-05014,Dora-Slot: Shuyaku wa Zenigata,Japan,Games
ULJS-00201,Evangelion: Jo,Japan,Games
ULJS-00054,Every Extend Extra,Japan,Games
ULJM-05020,Jissen Pachi-Slot Hisshouhou! Hokuto no Ken Portable,Japan,Games
ULJS-00064,Shin Seiki Evangelion 2: Tsukurareshi Sekai: Another Cases,Japan,Games
ULJM-05114,WRC: FIA World Rally Championship,Japan,Games
UCJS-10025,Yarudora Portable: Blood the Last Vampire,Japan,Games
UCJS-10044,Blood+: Final Piece: Saigo no Kakera,Japan,Games
ULJM-06144,Genroh,Japan,Games
ULJM-06205,SuGirly Wish Limited,Japan,Games
UCJS-10109,Yuusha no Kuse ni Namaikida :3D,Japan,Games
ULES-01571,FIFA 13,Portugal,Games
ULJM-05476,Ken to Mahou to Gakuen Mono. 2,Japan,Games
ULJS-00303,Summon Night 3,Japan,Games
ULJM-05477,Shin Seiki Evangelion: Koutetsu no Girlfriend 2nd Portable,Japan,Games
ULUS-10546,PES 2011: Pro Evolution Soccer,Canada,Games
ULJM-05276,Kaitou Apricot Portable,Japan,Games
ULJM-05084,Densha de Go! Pocket: Chuuousen-hen,Japan,Games
ULJM-05638,Tokyo Mono Harashi: Karasu no Mori Gakuen Kitan,Japan,Games
ULJM-05297,Grand Theft Auto: Vice City Stories,Japan,Games
ULJS-00087,Intelligent License 2,Japan,Games
ULJM-05876,"Iza, Shutsujin! Koi Ikusa",Japan,Games
ULUS-10456,"Holy Invasion of Privacy, Badman! What Did I Do to Deserve This?",USA,Preproduction
ULJM-05561,Fuuun Shinsengumi Bakumatsuden Portable,Japan,Games
ULJM-05059,Tiger Woods PGA Tour 06,Japan,Games
ULJM-06046,Elkrone no Atelier: Dear for Otomate,Japan,Games
ULES-01385,Dante's Inferno,France,Games
ULES-00735,Disney/Pixar Ratatouille,Netherlands,Games
ULES-00397,Le Parrain,France,Games
UCJS-10047,Tenchi no Mon 2: Busouden,Japan,Games
UCKS-45010,MLB,Korea,Games
ULKS-46002,Puzzle Bobble Pocket,Korea,Games
ULJM-05205,Daisenryaku Portable 2,Japan,Games
ULES-01168,Tube Mania,Europe,Games
ULES-01131,Tube Mania,France,Games
ULES-01055,Warriors Orochi,France,Games
ULES-00341,FIFA World Cup Germany 2006,France,Games
UCES-01201,Buzz! Brain of the World,Europe,Games
ULJM-05902,Nobunaga no Yabou: Soutenroku with Power-Up Kit,Japan,Games
ULJM-05171,Boku wa Koukuu Kanseikan: Airport Hero Naha,Japan,Games
ULJS-00269,Ginsei Shougi Portable,Japan,Games
ULJM-05954,Shirogane no Cal to Aoi no Joou,Japan,Games
ULKS-46151,Worms: Open Warfare 2,Korea,Games
ULKS-46195,WWE SmackDown vs. Raw 2009,Korea,Games
ULKS-46260,WWE SmackDown vs. Raw 2011,Korea,Games
ULKS-46268,Ultimate Ghosts'n Goblins,Korea,Games
ULJM-05130,Gitaroo Man Lives!,Japan,Games
ULES-00605,Dynasty Warriors Vol. 2,France,Games
ULES-00331,L'Entraîneur 2006: Championship Manager,France,Games
ULES-01309,NBA Live 10,France,Games
ULES-00298,Samurai Warriors: State of War,France,Games
ULJS-00556,Toaru Majutsu to Kagaku no Ensemble,Japan,Games
UCUS-98646/0.30,Killzone: Liberation,USA,Games
ULJM-06206,Jikkyou Powerful Pro Yakyuu 2012: Ketteiban,Japan,Games
UCJS-10031,XI Coliseum,Japan,Games
ULJM-05341,Winning Post 6 2008,Japan,Games
ULES-01480#,FIFA 11,Russia,Games
ULJM-05704,Corpse Party: Blood Covered: Repeated Fear,Japan,Games
ULJS-00514,World Neverland: Nalulu Oukoku Monogatari,Japan,Games
ULES-01548,FIFA 12,Russia,Games
UCAS-40097,Bubble Bobble: Magical Tower Daisakusen,Asia,Games
ULJM-05045,Space Invaders: Galaxy Beat,Japan,Games
ULJM-05013,Shinten Makai: GOC IV Another Side,Japan,Games
ULUS-10473,FIFA Soccer 10,Canada,Games
ULJM-05625,Yoake Mae Yori Ruriiro na Portable,Japan,Games
ULJM-05540,Sengoku-hime: Senran ni Mau Otome-tachi,Japan,Games
UCES-01208,Buzz! Brain of Switzerland,Switzerland,Games
UCES-00886,Go!Explore,Germany,Applications
ULES-00559,Medal of Honor: Heroes,Germany,Games
ULES-01288,Transformers: Die Rache,Germany,Games
ULJM-05664,Uta no Prince-sama,Japan,Games
ULJM-06343,Chou no Doku Hana no Kusari: Taishou Tsuya Koi Ibun,Japan,Games
ULJM-06393,Omerta: Chinmoku no Okite: The Legacy,Japan,Games
ULJM-06389,PriPia: Prince Pia Carrot,Japan,Games
ULJM-06372,Urakata Hakuouki: Akatsuki no Shirabe,Japan,Games
ULES-01478#,FIFA 11,Germany,Games
ULJM-05335,Memories Off 2nd,Japan,Games
ULUS-10517,2010 FIFA World Cup South Africa,Canada,Games
ULUS-10596,FIFA Soccer 13,Canada,Games
UCES-01158,Buzz! Brain Bender,Scandinavia,Games
UCES-01034,Buzz! Master Quiz,Europe,Games
ULES-01073,Disney/Pixar WALL-E,Europe,Games
ULJM-05509,Hakuouki Portable,Japan,Games
ULJM-05083,Sangokushi VII,Japan,Games
ULJS-00403,Shinigami to Shoujo,Japan,Games
ULJM-06369,World Soccer Winning Eleven 2014: Aoki Samurai no Chousen,Japan,Games
ULES-01079,Disney-Pixar WALL-E,United Arab Emirates,Games
ULES-01599,Elminage Original,Europe,Games
ULJM-06207,Starry Sky: After Spring Portable,Japan,Games
ULJM-06227,"Starry Sky: After Spring Portable: Etsuran Shite Please ""Etsu Puritsu 2""",Japan,Bonus Discs
ULJM-05802,Bara no Ki ni: Bara no Hanasaku,Japan,Games
ULJM-06193,Wand of Fortune II FD: Kimi ni Sasageru Epilogue,Japan,Games
ULJM-05185,Aku Daikan Manyuki,Japan,Games
ULJS-00003,Armored Core: Formula Front,Japan,Games
ULJM-05611,Armored Core: Last Raven Portable,Japan,Games
ULJM-05552,Armored Core: Silent Line Portable,Japan,Games
ULJM-05698,Carnage Heart EXA,Japan,Games
ULJM-05649,Zero Pilot: Daisanji Sekai Taisen 1946,Japan,Games
ULJM-05957,Senjou no Valkyria 3 E2: Extra Edition,Japan,Games
ULES-00326,Disney/Pixar Cars,Norway,Games
ULES-00328,Disney/Pixar Cars,Denmark,Games
ULES-00742,Disney/Pixar Ratatouille,Denmark,Games
ULES-01589,FIFA 14: Legacy Edition,Germany,Games
ULKS-46136,Burnout Dominator,Korea,Games
ULKS-46027,Burnout Legends,Korea,Games
ULJM-05795,Togainu no Chi: T B P,Japan,Games
ULES-01173,Crash: Génération Mutant,Europe,Games
ULES-01576,Pro Evolution Soccer 2013,Europe,Games
ULES-00456,Tiger Woods PGA Tour 07,France,Games
ULES-00846,Tiger Woods PGA Tour 08,France,Games
UCET-00222/0.01,SOCOM: U.S. Navy SEALs: Fireteam Bravo,Europe,Preproduction
ULES-01263,Disney/Pixar Up,Europe,Games
ULES-01433,Fullmetal Alchemist: Brotherhood,France,Games
ULJM-05983,Phase D: Souka no Shou,Japan,Games
HONEY-004,Starry Sky: In Winter Portable,Japan,Games
ULJM-05861,Starry Sky: In Winter Portable,Japan,Games
ULES-01567,FIFA 13,Netherlands,Games
ULJM-06305,Hentai Ouji to Warawanai Neko.,Japan,Games
ULJS-00301,Simple 2000 Series Portable!! Vol. 1: The Mahjong,Japan,Games
ULJM-06340,-8,Japan,Games
ULJS-00011,Adventure Player,Japan,Games
ULJS-00019,School Rumble: Anesan Jiken desu!,Japan,Games
ULJS-00039,Simple 2500 Series Portable!! Vol. 4: The Unou Drill,Japan,Games
ULES-01493/POR,Patito Feo,Europe,Games
ULET-00317/0.01,Worms: Open Warfare,Europe,Preproduction
ULES-00173,Crash Tag Team Racing,Netherlands,Games
ULES-00322,Disney/Pixar Cars,Netherlands,Games
ULES-01594,FIFA 14,Netherlands,Games
ULES-01482#,FIFA 11,Netherlands,Games
ULES-00572,Scooby-Doo! Qui Regarde Qui?,France,Games
ULJM-05556,Saki Portable,Japan,Games
ULJM-05842,Sangokushi IX with Power-Up Kit,Japan,Games
ULJM-05151,Yu-Gi-Oh! Duel Monsters GX Tag Force,Japan,Games
ULKS-46235,Tekken 6,Korea,Games
ULAS-42214,Tekken 6,Asia,Games
ULUS-10587,FIFA Soccer 12,Canada,Games
ULES-00034,Tony Hawk's Underground 2 Remix,France,Games
UCES-01453,Buzz! The Ultimate Music Quiz,Scandinavia,Games
ULJM-06081,Persona 2: Batsu: Eternal Punishment,Japan,Games
UCET-01101,Secret Agent Clank,Europe,Preproduction
ULJM-06231,Issho ni Gohan. Portable,Japan,Games
UCES-01296,Buzz! Quiz World,Europe,Games
ULUS-10545,FIFA Soccer 11,Canada,Games
ULJM-05394,Memories Off #5: Togireta Film,Japan,Games
ULJM-05594,Memories Off: Sorekara,Japan,Games
ULJM-06040,Steins;Gate: Hiyoku Renri no Darling,Japan,Games
ULJS-00559,Gintama no Sugoroku,Japan,Games
ULJS-00375,Summon Night 4,Japan,Games
ULJS-00159,Sengoku Efuda Yuugi: Hototogisu Ran,Japan,Games
ULJM-05038,Sangokushi VI,Japan,Games
ULJM-05289,NBA Live 08,Japan,Games
ULJM-05381,Chuumon Shiyouze! Oretachi no Sekai,Japan,Games
ULJS-00157,Katekyoo Hitman Reborn! Battle Arena,Japan,Games
ULJS-00371,Suzumiya Haruhi no Tsuisou,Japan,Games
UCES-01485,Buzz! The Ultimate Music Quiz,Greece,Games
ULES-01259,Disney/Pixar Up,Greece,Games
ULUS-10231,Arthur and the Invisibles,USA,Preproduction
ULJM-05805,Umezawa Yukari no Yasashii Igo,Japan,Games
ULJS-19027,Eiyuu Densetsu Gagharv Trilogy: Akai Shizuku,Japan,Games
ULJS-19028,Eiyuu Densetsu Gagharv Trilogy: Umi no Oriuta,Japan,Games
UCES-01294,Buzz! Quiz World,Europe,Games
ULES-00327,Disney/Pixar Cars,Sweden,Games
ULES-00329,Disney/Pixar Cars,Finland,Games
UCES-00883,Go!Explore,Scandinavia,Applications
ULES-00746,Disney/Pixar Ratatouille,Sweden,Games
ULES-01074,Disney/Pixar WALL-E,Sweden,Games
